,store,sido,gungu,store_address
0,흥덕지구점,경기도,용인시,"경기도 용인시 기흥구  흥덕1로 79번길 9, 105호"
1,휘닉스점,강원도,평창군,강원도 평창군 봉평면 무이리 694-14번지 1층
2,후곡점,경기도,고양시,경기도 고양시 일산서구  일산로 576
3,회덕점,경기도,광주시,경기도 광주시  이배재로 108
4,황상인의점,경상북도,구미시,경상북도 구미시  여현로 80
5,화천점,강원도,화천군,강원도 화천군 화천읍 중앙로 37번지
6,화양점,서울특별시,광진구,"서울특별시 광진구   능동로19길 53, 1층"
7,화성반월점,경기도,화성시,"경기도 화성시  효행로1265번길 17, 101호"
8,화성마도점,경기도,화성시,경기도 화성시 마도면 두곡서길 35 1층
9,화성남양점,경기도,화성시,경기도 화성시 남양동 남양도시개발구역 2-1블럭 화성남양상가 103
10,화서1동점,경기도,수원시,경기도 수원시 팔달구 화서동 219-1번지 101호
11,화북삼양점,제주도,제주시,제주도 제주시  진동로1길 13
12,화곡본동점,서울특별시,강서구,서울특별시 강서구 화곡본동 29-27번지
13,화곡4동점,서울특별시,강서구,서울특별시 강서구 화곡4동 827-8번지
14,홍천점,강원도,홍천군,강원도 홍천군 홍천읍 연봉리 502-5번지
15,홍제2호점,서울특별시,서대문구,"서울특별시 서대문구  문화촌길 34, 아동 지층 1호"
16,홍제1호점,서울특별시,서대문구,서울특별시 서대문구 홍제동 155-6번지
17,홍성읍점,충청남도,홍성군,충청남도 홍성군 홍성읍 문화로 33번길 10
18,홍농읍점,전라남도,영광군,"전라남도 영광군 홍농읍 상하길 33, 102호"
19,호평점,경기도,남양주시,경기도 남양주시 호평동 615-6
20,호원1호점,경기도,의정부시,"경기도 의정부시 호원동 419 상가동 1층 104,105호(현대아파트)"
21,"호수동점(구,고잔점",경기도,안산시,"경기도 안산시 단원구  광덕2로 194-8, 108호"
22,호매실점,경기도,수원시권선구,"경기도 수원시권선구  서수원로523번길 30-35, 101호"
23,현풍점,대구광역시,달성군,대구광역시 달성군 현풍면 중리 286-2 금성아파트상가 101호
24,향남지구점,경기도,화성시,경기도 화성시 향납읍 행정서로3길 4-16
25,향남2지구점,경기도,화성시,경기도 화성시 향남읍 상신하길로298번길 7-27(1층 111호)
26,행신2호점,경기도,고양시,경기도 고양시 덕양구  행신로303번길 34
27,행당점,서울특별시,성동구,서울특별시 성동구  행당로 79
28,해운대중동점,부산광역시,해운대구,"부산광역시 해운대구  달맞이길65번길 15, 103호"
29,해운대좌4동점,부산광역시,해운대구,부산광역시 해운대구 좌4동 1413번지 삼상@ 분산상가 103호
30,해남점,전라남도,해남군,전라남도 해남군 해남읍 중앙2로 33
31,함열점,전라북도,익산시,전라북도 익산시 함열읍 함열1길 28
32,함안칠원점,경상남도,함안군,경상남도 함안군 칠원읍 구성길 43
33,함안가야점,경상남도,함안군,경상남도 함안군 가야읍 가야로 135
34,한성대점,서울특별시,성북구,서울특별시 성북구  삼선교로2길 3
35,한남대점,대전광역시,동구,대전광역시 동구  홍도로 54
36,학익점,인천광역시,남구,인천광역시 남구 매소홀로 409
37,하월곡점,서울특별시,성북구,"서울특별시 성북구  오패산로 10길 46, 102호"
38,"하안3,4동점",경기도,광명시,경기도 광명시  하안로 254
39,하당지구점,전라남도,목포시,전라남도 목포시  옥암로96번길 14
40,하늘도시1호점,인천광역시,중구,"인천광역시 중구  하늘달빛로 64번길 6-3, 스카이프라자 105호"
41,풍향산수점,광주광역시,북구,광주광역시 북구 풍향동 579-5번지
42,풍덕천2동점,경기도,용인시,경기도 용인시 수지구 풍덕천2동 504-10번지 104호
43,풍납1호점,서울특별시,송파구,서울특별시 송파구  풍성로24길 40
44,풍기점,경상북도,영주시,경상북도 영주시 풍기읍 기주로 89
45,표선점,제주도,서귀포시,제주도 서귀포시 표선면 표선중앙로 106
46,포항흥해점,경상북도,포항시,경상북도 포항시 북구 흥해읍 한동로 40번길 20
47,포항효곡점,경상북도,포항시,경상북도 포항시 남구  효자동길10번길 27
48,포항죽도점,경상북도,포항시,"경상북도 포항시 북구 죽파로 24, 1층 101호"
49,포항오천점,경상북도,포항시,"경상북도 포항시 남구 오천읍 해병로 127, 214동 107호"
50,포항연일유강점,경상북도,포항시,경상북도 포항시 남구 연일읍 철강로 25번길 60
51,포항양포점,경상북도,포항시,경상북도 포항시 남구 장기면 동해안로 3268
52,포항양덕점,경상북도,포항시,경상북도 포항시 북구 양덕동 1779번지
53,포항두호우현점,경상북도,포항시,"경상북도 포항시 북구  새천년대로 1020길 12, 213동 106호"
54,포항동해점,경상북도,포항시남구,경상북도 포항시남구  일월로 100
55,포항대이양학점,경상북도,포항시,"경상북도 포항시 북구  이동로 48-1, 205호"
56,포천점,경기도,포천시,경기도 포천시  원앙로 18-2
57,포천일동점,경기도,포천시,경기도 포천시 일동면 기산6리 91-36
58,포천운천점,경기도,포천시,경기도 포천시 영북면 운천로 6-1
59,포천양문점,경기도,포천시,경기도 포천시 영중면 양문로9길 2
60,평택포승점,경기도,평택시,경기도 평택시 포승읍 도곡리 1141-17
61,평택팽성점,경기도,평택시,"경기도 평택시 팽성읍 송화택지로 72, A 1층"
62,평택안중점,경기도,평택시,경기도 평택시 안중읍 안현로서7길 10
63,평택고덕점,경기도,평택시,"경기도 평택시 고덕면 효덕새싹길 24-3, 101호"
64,평촌스마트점,경기도,안양시,"경기도 안양시 동안구 관양동 시민대로327번길 7, 1층(대명글로벌 비즈스퀘어)"
65,평내점,경기도,남양주시,경기도 남양주시  경춘로1286번안길 4-2
66,파주교하점,경기도,파주시,경기도 파주시  책향기로 369
67,퇴계원점,경기도,남양주시,"경기도 남양주시 퇴계원면 퇴계원로 74, 2층 우측호"
68,통진점,경기도,김포시,경기도 김포시 통진읍 서암리 1113 서암주공아파트 제상가동 101호
69,통영죽림점,경상남도,통영시,경상남도 통영시 광도면 죽림4로 23-48
70,통영무전북신점,경상남도,통영시,경상남도 통영시  안개로 30
71,통영도남미수점,경상남도,통영시,경상남도 통영시  도남로 81
72,"태평2,4동점",경기도,성남시,"경기도 성남시 수정구  탄리로 96번길 20, 102호"
73,태장우산점,강원도,원주시,"강원도 원주시 북원로2718번길 2, 1층(태장동)"
74,태백점,강원도,태백시,강원도 태백시  상장남길 67
75,탄현점,경기도,고양시일산서구,경기도 고양시일산서구 현중로 26번길 81
76,칠금문화점,충청북도,충주시,충청북도 충주시  칠금3길 16-1
77,칠곡왜관점,경상북도,칠곡군,경상북도 칠곡군 왜관읍 2번도로길 64
78,칠곡오태북삼점,경상북도,칠곡군,경상북도 칠곡군 북삼읍 북삼로 109
79,충북증평읍점,충청북도,증평군,충청북도 증평군 증평읍 교동리 112번지
80,충북제천1호점,충청북도,제천시,충청북도 제천시  의림대로 190
81,충북옥천점,충청북도,옥천군,충청북도 옥천군 옥천읍 금장로 62
82,충북옥산점,충청북도,청주시,충청북도 청주시 흥덕구 옥산면 가락길 60 코오롱하늘채 201~2
83,충북오창점,충청북도,청원군,충청북도 청원군 오창읍 구룡리 408-6번지
84,충북괴산점,충청북도,괴산군,충청북도 괴산군 괴산읍 읍내로13길 21
85,충무로점,서울특별시,중구,서울특별시 중구 충무로4가 120-3 진양상가 2층
86,충무공점,경상남도,진주시,경상남도 진주시 충무공동 282-6 가온누리 빌딩 107호
87,충남합덕점,충청남도,당진시,충청남도 당진시 합덕읍 미락4길 33
88,충남태안점,충청남도,태안군,충청남도 태안군 태안읍 동문리 터널길 25
89,충남당진점,충청남도,당진시,충청남도 당진시  밤절로 42-35
90,충남논산점,충청남도,논산시,충청남도 논산시  내동 1169번지 101호
91,춘천후평점,강원도,춘천시,강원도 춘천시 후평3동 832-12번지
92,춘천효자점,강원도,춘천시,강원도 춘천시 효자2동 665-1번지
93,춘천소양점,강원도,춘천시,강원도 춘천시 소양로2가 1-63번지
94,춘천석사점,강원도,춘천시,강원도 춘천시 석사동 642번지
95,청파점,서울특별시,용산구,서울특별시 용산구  청파로 333
96,청주하복대점,충청북도,청주시,충청북도 청주시 흥덕구  죽천로 120
97,청주율량사천점,충청북도,청주시청원구,충청북도 청주시청원구  율천북로 55
98,청주용암점,충청북도,청주시,충청북도 청주시 상당구 용암동 2183번지
99,청주분평점,충청북도,청주시서원구,충청북도 청주시서원구  수영로 19-2
100,청주봉명점,충청북도,청주시,충청북도 청주시 흥덕구  과상미로 62
101,청주금천점,충청북도,청주시,충청북도 청주시 상당구  중고개로 273번길 64
102,청주강서지구점,충청북도,청주시흥덕구,충청북도 청주시흥덕구  서현북로 24
103,청주가경점,충청북도,청주시,충청북도 청주시 흥덕구  장구봉로 26번길 44
104,청북점,경기도,평택시,경기도 평택시 청북읍 옥길리 1165-5
105,청룡점,서울특별시,관악구,"서울특별시 관악구  쑥고개로 89, 1층"
106,청라2호점,인천광역시,서구,인천광역시 서구 경서동 981-93 1층 101호
107,청라1호점,인천광역시,서구,"인천광역시 서구 청라라임로 100, 104호(연희동)"
108,청담점,서울특별시,강남구,서울특별시 강남구 청담동 35-1 1층
109,첨단2호점,광주광역시,북구,광주광역시 북구  첨단연산로91번길 44 (대성빌딩 112호)
110,"철산3,4동점",경기도,광명시,경기도 광명시  도덕공원로 23
111,천호3동점,서울특별시,강동구,"서울특별시 강동구  구천면로 238, 103호"
112,천호1동점,서울특별시,강동구,서울특별시 강동구 천호1동 224-50번지
113,천안청수점,충청남도,천안시,충청남도 천안시 동남구 청수동 204번지
114,천안차암점,충청남도,천안시,충청남도 천안시 서북구 차암동 435-1힐링제이타워 1층 115호
115,천안직산점,충청남도,천안시서북구,"충청남도 천안시서북구 직산읍 삼은3길 38, 102호"
116,천안용곡점,충청남도,천안시동남구,충청남도 천안시동남구  새말1길 47
117,천안쌍용점,충청남도,천안시,충청남도 천안시 서북구 쌍용2동 725번지
118,천안신부점,충청남도,천안시동남구,충청남도 천안시동남구 신부동 319-37
119,천안성환읍점,충청남도,천안시,충청남도 천안시 서북구 성환읍 성환3로 38
120,천안성정점,충청남도,천안시,충청남도 천안시 서북구  성정로 47-1
121,천안백석점,충청남도,천안시,"충청남도 천안시 서북구  백석4길 31, 108호"
122,천안두정점,충청남도,천안시,충청남도 천안시 서북구 두정동 서부대로 781
123,창원팔용점,경상남도,창원시,경상남도 창원시 의창구 팔용동 183-9번지
124,창원진동점,경상남도,창원시,경상남도 창원시 합포구 진동면 진동사동로19
125,창원중앙점,경상남도,창원시성산구,경상남도 창원시성산구 중앙동 78-2
126,창원소답점,경상남도,창원시의창구,경상남도 창원시의창구 소답동 118-4번지 칠성빌라 나동 1호
127,창원봉곡사림점,경상남도,창원시,경상남도 창원시 의창구  사림로 53
128,창원반송점,경상남도,창원시성산구,경상남도 창원시성산구  원이대로 393번길 17
129,창원명서도계점,경상남도,창원시,경상남도 창원시 의창구  도계동396-7 1층
130,창원동읍점,경상남도,창원시의창구,경상남도 창원시의창구 동읍 용정길 32번길 16
131,창원대방점,경상남도,창원시,경상남도 창원시 성산구 대방동 376번지 상가 1층
132,창원감계점,경상남도,창원시,"경상남도 창원시 의창구 북면 감계로 266, 204호"
133,창4동점,서울특별시,도봉구,"서울특별시 도봉구  노해로 70길 46, 102호"
134,창2동점,서울특별시,도봉구,"서울특별시 도봉구  도봉로 110다길 51, 태영 창동데시앙 아파트상가 1"
135,진해웅천점,경상남도,진해시,경상남도 진해시 성내동 359-1번지
136,진해용원웅동점,경상남도,진해시,경상남도 진해시 안골동 376-3
137,진해여좌중앙점,경상남도,창원시,경상남도 창원시 진해구  충장로 41
138,진해석동풍호점,경상남도,창원시,"경상남도 창원시 진해구  냉천로 88, 103호"
139,진해경화태백점,경상남도,창원시진해구,경상남도 창원시진해구  중초로 37
140,진천읍점,충청북도,진천군,충청북도 진천군 진천읍 중앙동로 132
141,진주하대초장점,경상남도,진주시,경상남도 진주시  하대로 116
142,진주칠암망경점,경상남도,진주시,경상남도 진주시  진주대로 849-10
143,진주신안평거점,경상남도,진주시,경상남도 진주시 평거동 773-7번지
144,진주상봉봉안점,경상남도,진주시,경상남도 진주시  진주성로 103
145,진주상대점,경상남도,진주시,경상남도 진주시 상대동 310-78번지
146,진주금산점,경상남도,진주시,경상남도 진주시 금산면 중천로 74
147,진주가호점,경상남도,진주시,경상남도 진주시  진주대로 568번길 8
148,진접지구점,경기도,남양주시,경기도 남양주시 해밀예당2로 117
149,진안점,경기도,화성시,경기도 화성시 진안동 863-1
150,진부점,강원도,평창군,강원도 평창군 진부면 진부중앙로 53
151,진도점,전라남도,진도군,전라남도 진도군 진도읍 쌍정리 257-20
152,지행1호점,경기도,동두천시,경기도 동두천시 지행동 688번지
154,지산신장점,경기도,평택시,경기도 평택시  탄현로 311
155,중화1호점,서울특별시,중랑구,서울특별시 중랑구 중화1동 295-22
156,중촌목동점,대전광역시,중구,대전광역시 중구  중촌로24번길 23. 1층
157,중앙반월점,경상남도,창원시,"경상남도 창원시 마산합포  3.15대로 77, 105호"
158,중앙경찰학교점,충청북도,충주시,충청북도 충주시 수안보면 중앙경찰학교
159,중산점,경기도,고양시,경기도 고양시 일산동구  탄중로 431번길 32 031-975-9291
160,중동2호점,경기도,부천시,경기도 부천시 원미구 중동 1058-1
161,중곡4동점,서울특별시,광진구,서울특별시 광진구 중곡동 79-16번지
162,중곡1동점,서울특별시,광진구,서울특별시 광진구 중곡1동 162-12번지 1층
163,중계본동점,서울특별시,노원구,"서울특별시 노원구  중계로 14길 41, 1층"
164,죽전단국대점,경기도,용인시수지구,"경기도 용인시수지구  죽전로 164, 102호"
165,주엽2동점,경기도,고양시,"경기도 고양시 일산서구  중앙로 1471, 105호"
166,주안3호점,인천광역시,남구,인천광역시 남구  미추홀대로 591
167,주문진읍점,강원도,강릉시,강원도 강릉시 주문진읍 시장길 30
168,"좌1,3동점",부산광역시,해운대구,"부산광역시 해운대구  대천로67번길 15, 112호"
169,종암점,서울특별시,성북구,"서울특별시 성북구  종암로 19길 46, 103호"
170,종로2가점,서울특별시,종로구,서울특별시 종로구 관철동 14-8
171,조치원점,세종특별자치시,조치원읍,세종특별자치시  조치원읍 죽림리 21-2번지 상가 110호
172,제주함덕점,제주도,제주시,제주도 제주시 조천읍 함덕리 1273번지 1층 굽네치킨
173,제주한림점,제주도,제주시,제주도 제주시 한림읍 한림로 653
174,제주중문점,제주도,서귀포시,제주도 서귀포시  천제연로 183-1
175,제주용담점,제주도,제주시,제주도 제주시  용담로 70
176,제주외도점,제주도,제주시,"제주도 제주시  우정로18길 12, 1층"
177,제주영어도시점,제주도,서귀포시,"제주도 서귀포시 대정읍 에듀시티로 23, 상가동 105호"
178,제주연동점,제주도,제주시,제주도 제주시 연동10길 4 1층
179,제주애월점,제주도,제주시,제주도 제주시 애월읍 고내리 1097
180,제주아라점,제주도,제주시,제주도 제주시 아라1동  1718-3 원신아파트 상가 1층
181,제주서사라점,제주도,제주시,제주도 제주시  서사로 149
182,제주동홍점,제주도,서귀포시,제주도 서귀포시  일주동로 8588
183,제주노형점,제주도,제주시,제주도 제주시  정존13길 14
184,"정자2,3동점",경기도,성남시,"경기도 성남시 분당구  내정로 54, 한솔마을 나상가동 104호"
185,정자1동점,경기도,성남시분당구,경기도 성남시분당구  내정로 119번길 17
186,정읍수성점,전라북도,정읍시,전라북도 정읍시  수성택지4길 4
187,정읍상동점,전라북도,정읍시,전라북도 정읍시  충정로 37
188,"정왕3,4동점",경기도,시흥시,경기도 시흥시 정왕4동 1875-2번지 미주@상가 107호
189,정왕1동점,경기도,시흥시,경기도 시흥시  정왕시장길 32
190,정발산점,경기도,고양시,경기도 고양시 일산동구  산두로 239
191,정림복수점,대전광역시,서구,대전광역시 서구  정림동로5번길 40
192,정릉역점,서울특별시,성북구,"서울특별시 성북구 정릉로 26길 8, 제상가동 1층"
193,정릉1호점,서울특별시,성북구,서울특별시 성북구  보국문로16길 74
194,정관신도시점,부산광역시,기장군,부산광역시 기장군 정관면 용수리 1294-5
195,정관모전점,부산광역시,기장군,"부산광역시 기장군 정관면 정관로 350, 323동 B101호 (이지더원3차)"
196,전주효자중화산2호점,전라북도,전주시,전라북도 전주시 완산구 효자동1가 623-4번지
197,전주효자중화산1호점,전라북도,전주시,전라북도 전주시 완산구  안행로 154
198,전주평화점,전라북도,전주시,전라북도 전주시 완산구  평화17길 9-8
199,전주진북점,전라북도,전주시,전라북도 전주시 덕진구 진북동 434-45번지
200,전주아중점,전라북도,전주시,전라북도 전주시 덕진구  무삼지로 53
201,전주서신점,전라북도,전주시,전라북도 전주시 완산구  전룡로 28
202,전주삼천점,전라북도,전주시,전라북도 전주시 완산구  송정2길 28
203,전북혁신도시점,전라북도,전주시,"전라북도 전주시 완산구  오정2길 32, 201호"
204,전북남원점,전라북도,남원시,전라북도 남원시  옥정2길 13
205,전남화순점,전라남도,화순군,전라남도 화순군 화순읍 광덕리 305번지
206,전남장흥점,전라남도,장흥군,전라남도 장흥군 장흥읍 북부로 62-1
207,전남영암점,전라남도,영암군,전라남도 영암군 영암읍 중앙로 16
208,전남영광점,전라남도,영광군,전라남도 영광군 영광읍 옥당로 123
209,전남나주점,전라남도,나주시,"전라남도 나주시  중앙로 20, 1층"
210,전남광양읍점,전라남도,광양시,전라남도 광양시 광양읍 유당로 43
211,전남강진점,전라남도,강진군,전라남도 강진군 강진읍 보은로 1길 25
212,전곡점,경기도,연천군,"경기도 연천군  은전로86번길 18, 11"
213,재궁오금동점,경기도,군포시,경기도 군포시 금정동 719번지
214,장천산동점,경상북도,구미시,경상북도 구미시 장천면 강동로 207-3
215,장지역점,서울특별시,송파구,서울특별시 송파구  송이로36길 37
217,장안2동점,서울특별시,동대문구,서울특별시 동대문구  장한로33길 34
218,장안1동점,서울특별시,동대문구,서울특별시 동대문구  장한로9길 16 1층
219,장수읍점,전라북도,장수군,전라북도 장수군 장수읍 장수리 455-4
220,장성창포점,경상북도,포항시북구,경상북도 포항시북구  삼흥로18번길 3
221,장성읍점,전라남도,장성군,전라남도 장성군 장성읍 청운길 7-1
222,장기감삼점,대구광역시,달서구,대구광역시 달서구 장기동 528
223,잠원점,서울특별시,서초구,서울특별시 서초구  강남대로95길 47-4
224,잠실본동점,서울특별시,송파구,서울특별시 송파구 잠실본동 222-10 1층
225,잠실2호점,서울특별시,송파구,서울특별시 송파구  석촌호수로 135
226,잠실1호점,서울특별시,송파구,서울특별시 송파구  올림픽로 35길 104-108
227,작전서운점,인천광역시,계양구,인천광역시 계양구  까치말로45번길 10
228,작전2동점,인천광역시,계양구,"인천광역시 계양구  계양대로 120번길 7, 102호"
230,자양점,서울특별시,광진구,서울특별시 광진구  뚝섬로 41길 8
231,임학점,인천광역시,계양구,"인천광역시 계양구  계양산로 216번길 14, 103호"
232,"일원1,2동점",서울특별시,강남구,"서울특별시 강남구 일원로9길 60, 1층"
233,일신부개점,인천광역시,부평구,인천광역시 부평구  경인로 1002번길 34-1
234,일산풍동점,경기도,고양시,"경기도 고양시 일산동구  고풍로 72-41, 104호"
235,일산장항점,경기도,고양시,경기도 고양시 일산동구 장항동 902번지 호수마을1단지 중관 1058호
236,일산식사점,경기도,고양시일산서구,"경기도 고양시일산서구  위시티3로 75, 1층"
237,일산마두점,경기도,고양시,경기도 고양시 일산동구  일산로 241
238,일산가좌점,경기도,고양시,경기도 고양시 일산서구 가좌동 392-22번지 오성프라자 101호
239,일도동광초점,제주도,제주시,제주도 제주시  연수로3길 7 1층
240,인헌점,서울특별시,관악구,서울특별시 관악구  인헌길 43
241,인천효성점,인천광역시,계양구,인천광역시 계양구 효성2동 242-7번지 신진상가 A동 107호
242,인천주안2호점,인천광역시,남구,인천광역시 남구  석정로 379
243,인천주안1호점,인천광역시,남구,인천광역시 남구 주안1동 109-9번지 102호
244,인천용현2점,인천광역시,남구,인천광역시 남구  낙섬중로 72
245,인천연희점,인천광역시,서구,인천광역시 서구 심곡동 336-4번지 1층 103호
246,인천신포점,인천광역시,중구,인천광역시 중구  제물량로 158-1
247,인천숭의점,인천광역시,남구,인천광역시 남구  수봉로 6-15
248,인천석남점,인천광역시,서구,인천광역시 서구  석남로 78
249,인천검단점,인천광역시,서구,인천광역시 서구 마전동 903-12번지 101호
250,인창1호점,경기도,구리시,경기도 구리시 인창동 383-54번지 1층
251,인제점,강원도,인제군,강원도 인제군 인제읍 상동리 296-8
252,익산영등점,전라북도,익산시,전라북도 익산시  무왕로 15길 5-4
253,익산어양점,전라북도,익산시,"전라북도 익산시  무왕로19길 18, 103호"
254,익산신동점,전라북도,익산시,전라북도 익산시  익산대로 68길 26
255,익산부송점,전라북도,익산시,전라북도 익산시  무왕로26길 21
256,익산모현점,전라북도,익산시,전라북도 익산시 모현동1가 821
257,익산동산점,전라북도,익산시,전라북도 익산시  서동로18길 46
258,이태원점,서울특별시,용산구,서울특별시 용산구  우사단로12길 18
259,이충장당점,경기도,평택시,경기도 평택시 서정동 1104-7번지
260,이천점,경기도,이천시,경기도 이천시  이섭대천로 1381
261,이천관고점,경기도,이천시,경기도 이천시  영창로 149
262,이문2호점,서울특별시,동대문구,서울특별시 동대문구 이문동 345-7번지
263,이문1호점,서울특별시,동대문구,서울특별시 동대문구  신이문로 38
264,이매점,경기도,성남시분당구,"경기도 성남시분당구  이매로 13, 108호"
265,의정부용현점,경기도,의정부시,경기도 의정부시  용민로 75-27
266,의정부민락점,경기도,의정부시,"경기도 의정부시  오목로 168, 산들마을 제동상가 104호"
267,의정부동점,경기도,의정부시,경기도 의정부시  신흥로 196
268,의정부녹양점,경기도,의정부시,경기도 의정부시 녹양동 326-2
269,의왕오전점,경기도,의왕시,경기도 의왕시  오전동길 25
270,의왕삼동부곡점,경기도,의왕시,경기도 의왕시  부곡초등1길 21
271,응암1호점,서울특별시,은평구,서울특별시 은평구 응암로22길 7-1
272,음성혁신1호점,충청북도,음성군,충청북도 음성군 맹동면 용두2나길 12
273,은행선화점,대전광역시,중구,대전광역시 중구  대종로549번길 14
274,은행동점,경기도,성남시,경기도 성남시 중원구 은행동 701번지 1층
275,은평뉴타운점,서울특별시,은평구,"서울특별시 은평구  진관4로 78-8, 701동 104호"
276,율량2지구점,충청북도,청주시청원구,충청북도 청주시청원구 주성로 289
277,유천점,대전광역시,중구,대전광역시 중구  태평로44번길 32
279,위례1호점,경기도,성남시,경기도 성남시 수정구 창곡동 544-2
280,월피점,경기도,안산시,"경기도 안산시 상록구 안산천서로5길 27, 1층"
281,월계2동점,서울특별시,노원구,서울특별시 노원구 월계동 776 월계프라자 104호
282,원통점,강원도,인제군,강원도 인제군 북면 원통로147번길 41
284,원주혁신점,강원도,원주시,"강원도 원주시  황금로 13, 201호"
285,원주무실점,강원도,원주시,강원도 원주시  만대로 150
287,원주단구점,강원도,원주시,강원도 원주시 단구동 1684-1 청솔4차상가 105호
288,원주단계점,강원도,원주시,강원도 원주시  금불1길 24-7
289,원주개운점,강원도,원주시,강원도 원주시 개운동 393-6번지
290,원내점,대전광역시,유성구,대전광역시 유성구 원내동 84-11번지
291,원곡본동점,경기도,안산시,경기도 안산시 단원구  화랑로 28
292,울산화봉점,울산광역시,북구,울산광역시 북구  상방로 139
293,울산일산대송점,울산광역시,동구,울산광역시 동구 일산동 535-4번지
294,울산온양점,울산광역시,울주군,울산광역시 울주군 온양읍 대안리415-19번지
295,울산온산점,울산광역시,울주군,"울산광역시 울주군 온산읍 영남6길 7, 1층"
296,울산옥동신정1호점,울산광역시,남구,울산광역시 남구 옥동 1405-27번지
297,울산언양점,울산광역시,울주군,울산광역시 울주군 언양읍 동부리 257-10번지
298,울산야음점,울산광역시,남구,울산광역시 남구  수암로163번길 24
299,울산신정3호점,울산광역시,남구,울산광역시 남구 신정5동 265-50번지
300,울산성안점,울산광역시,중구,울산광역시 중구  백양로 14
301,울산삼호점,울산광역시,남구,울산광역시 남구 무거동 1447-9호
302,울산삼산점,울산광역시,남구,울산광역시 남구  돋질로 334
303,울산복산점,울산광역시,중구,울산광역시 중구  화합로 498
304,울산병영점,울산광역시,중구,울산광역시 중구  병영로 69
305,울산방어꽃바위점,울산광역시,동구,울산광역시 동구  화문로 41
306,울산반구점,울산광역시,중구,"울산광역시 중구  화합로 388, 1호"
307,울산무거점,울산광역시,남구,울산광역시 남구  옥현로 49
308,울산달동점,울산광역시,남구,울산광역시 남구 달동 1371-1번지 101호
309,울산다운점,울산광역시,중구,울산광역시 중구  다운로 64
310,울산농소2호점,울산광역시,북구,울산광역시 북구 천곡동 우방상가 108호
311,울산농소1호점,울산광역시,북구,울산광역시 북구 매곡동 474-1번지 H프라자 1층 108-1호
312,울산남목점,울산광역시,동구,울산광역시 동구  미포3길 35
313,운정2호점,경기도,파주시,"경기도 파주시  한울로 84, 518동 102호"
314,운정1호점,경기도,파주시,"경기도 파주시  가온로 27, 월드아파트상가 108호"
315,운서점,인천광역시,중구,"인천광역시 중구  신도시남로141번길 16, 102호"
316,우정태화점,울산광역시,중구,울산광역시 중구  태화로 263
317,우장산동점,서울특별시,강서구,서울특별시 강서구  화곡로31길 18
318,우아호성점,전라북도,전주시,전라북도 전주시 덕진구  우아로 28
319,우만1동점,경기도,수원시,경기도 수원시 팔달구  세지로 440
320,용호메트로점,부산광역시,남구,"부산광역시 남구  용호로90번길 12-4, A-103호"
321,용현1호점,인천광역시,남구,인천광역시 남구 용현동 2-9
322,용인죽전1호점,경기도,용인시,경기도 용인시 수지구 죽전동 425-2번지 108호
323,용인양지점,경기도,용인시,"경기도 용인시 처인구  양지로143번길 5-5, 1층 1호,2호"
324,용인신갈점,경기도,용인시,경기도 용인시 기흥구  구갈로 60번길 11
325,용인보라점,경기도,용인시,경기도 용인시 기흥구  한보라1로 42-4. 105호
326,용인둔전점,경기도,용인시,경기도 용인시 처인구 포곡읍 둔전리 405-19 105호
327,용인동천점,경기도,용인시,"경기도 용인시 수지구  수풍로117번길 2-2, 102호"
328,용인김량장동점,경기도,용인시,경기도 용인시 처인구 김량장동 337-12번지
329,용인구성점,경기도,용인시,경기도 용인시 기흥구  마북로 98
330,용이동점,경기도,평택시,"경기도 평택시  현신3길 4, 102호"
331,용운판암점,대전광역시,동구,대전광역시 동구 용운동  352-7
332,용산용문점,서울특별시,용산구,서울특별시 용산구 새창로 119
333,용두신설점,서울특별시,동대문구,서울특별시 동대문구  안암로 40
334,"용당용호2,4동점",부산광역시,남구,부산광역시 남구  용주로 29
335,완주삼례점,전라북도,완주군,전라북도 완주군 삼례읍 삼봉로 117
336,완월자산점,경상남도,창원시,경상남도 창원시 마산합포  고운로 181
337,완도점,전라남도,완도군,전라남도 완도군 완도읍 가용리 1062-4
338,와동점,경기도,안산시단원구,경기도 안산시단원구  753-9 번지 1층
339,온의퇴계점,강원도,춘천시,강원도 춘천시 온의동 541-3번지
340,옥련점,인천광역시,연수구,인천광역시 연수구  청량로239번길 11
341,옥계구포점,경상북도,구미시,경상북도 구미시  산호대로 25길 25-38
342,오창2산단점,충청북도,청주시청원구,충청북도 청주시청원구  2산단로185-1
343,오송점,충청북도,청주시흥덕구,충청북도 청주시흥덕구 만수길 14-4
344,오산중앙점,경기도,오산시,경기도 오산시  경기대로 333번길 31
345,오산신장점,경기도,오산시,경기도 오산시  오산로 348번길 3
346,오산대원점,경기도,오산시,경기도 오산시  오산로 198번길 29
347,오목천점,경기도,수원시권선구,경기도 수원시권선구  오목천로 31
348,오라점,제주도,제주시,"제주도 제주시 오라삼동 2995-1, 지하"
349,오금점,서울특별시,송파구,서울특별시 송파구  마천로 196
350,예산읍점,충청남도,예산군,충청남도 예산군 예산읍 산성리 95-1번지 세광엔리치타워 상가동 108호
351,예산삽교읍점,충청남도,예산군,충청남도 예산군 삽교읍 삽교로 88
352,영통2동점,경기도,수원시,경기도 수원시 영통구 영통2동 77-2번지
353,영통1동점,경기도,수원시,경기도 수원시 영통구 영통동 998-1번지
354,영천동부점,경상북도,영천시,"경상북도 영천시  창신1길 42, 301동 1층 3호"
355,영주휴천점,경상북도,영주시,경상북도 영주시  지천로 108
356,영주대청점,부산광역시,중구,부산광역시 중구  동영로 24
357,영주가흥점,경상북도,영주시,경상북도 영주시 가흥동 1810-1
358,영동읍점,충청북도,영동군,충청북도 영동군 영동읍 계산리 588-36
359,영덕읍점,경상북도,영덕군,경상북도 영덕군 영덕읍 남석리 23번지
360,영덕영해점,경상북도,영덕군,경상북도 영덕군 영해면 성내리 481-3
361,영덕강구점,경상북도,영덕군,경상북도 영덕군 강구면 강구시장길 40-6
363,연수교현점,충청북도,충주시,충청북도 충주시  갱고개로 39
364,연수1동점,인천광역시,연수구,인천광역시 연수구  먼우금로 264번길 12
365,연산2호점,부산광역시,연제구,부산광역시 연제구 연산동 798-1
366,연산1동점,부산광역시,연제구,부산광역시 연제구 연산동 615-10
367,연무읍점,충청남도,논산시,충청남도 논산시 연무읍 연무로 180-1
368,연남점,서울특별시,마포구,서울특별시 마포구  동교로 27길 91
369,역촌점,서울특별시,은평구,서울특별시 은평구  연서로 49
370,역삼2동점,서울특별시,강남구,"서울특별시 강남구  언주로 69길 16, 103호"
371,역삼1동점,서울특별시,강남구,서울특별시 강남구 역삼1동 752-53번지 1층 104호
372,역곡점,경기도,부천시,경기도 부천시 원미구 역곡동 110-8번지 1층 1호
373,여주점,경기도,여주시,경기도 여주시 여흥로 108
374,여의도1호점,서울특별시,영등포구,서울특별시 영등포구 여의도동15-16 산정빌딩 105호
375,여월도당점,경기도,부천시,경기도 부천시 오정구 여월동 5번지 대원스카이빌 1층 11호
376,여수죽림점,전라남도,여수시,전라남도 여수시 소라면 죽림중앙로 33
377,여수여천점,전라남도,여수시,전라남도 여수시  망마로 102
378,여수여서점,전라남도,여수시,전라남도 여수시  여문1로 28
379,여수봉산국동점,전라남도,여수시,전라남도 여수시  어항로 27-1
380,여수미평점,전라남도,여수시,전라남도 여수시  양지1길 6-14
381,여수문수점,전라남도,여수시,전라남도 여수시  문수로 24
382,여수무선점,전라남도,여수시,전라남도 여수시  화산1길 7
383,여수돌산점,전라남도,여수시,전라남도 여수시 돌산읍 강남8길 15-34
384,여수관문점,전라남도,여수시,전라남도 여수시 충무동 463-1번지
385,양평점,경기도,양평군,경기도 양평군 양평읍 양근로 235
386,양주삼숭고읍점,경기도,양주시,"경기도 양주시  부흥로 2094, TS푸른솔3차아파트 상가동"
387,양주백석점,경기도,양주시,경기도 양주시 벡석읍 호명로 92
388,양주덕정점,경기도,양주시,경기도 양주시  고암길 154-12
389,양주덕계점,경기도,양주시,경기도 양주시 덕계동 473-4번지
390,양정염포점,울산광역시,북구,울산광역시 북구  염포로 563
391,양재1동점,서울특별시,서초구,서울특별시 서초구 양재1동 110-5번지
392,양양점,강원도,양양군,강원도 양양군 양양읍 남문로15
393,양양낙산점,강원도,양양군,강원도 양양군 강현면 일출로31-10
394,양산신도시점,경상남도,양산시,"경상남도 양산시  양주로 38, 1층 108호"
395,양산신기북정점,경상남도,양산시,"경상남도 양산시  북정로 116, 106호"
396,양산석산점,경상남도,양산시,"경상남도 양산시 동면 금오12길 4-5, 1층"
397,양산서창점,경상남도,양산시,경상남도 양산시 삼호동 142-3번지
398,양산범어점,경상남도,양산시,경상남도 양산시 물금읍 범구로 17
399,양산물금점,경상남도,양산시,"경상남도 양산시 물금읍 버들길 36, 1층"
400,양산덕계점,경상남도,양산시,경상남도 양산시  배움터길 20
401,양덕원점,강원도,홍천군,강원도 홍천군 남면 양덕원2길 11
402,양구점,강원도,양구군,강원도 양구군 양구읍 중심로 186
404,"야탑1,2동점",경기도,성남시분당구,"경기도 성남시분당구  판교로 443, 106-1,107-1호"
406,압량조영점,경상북도,경산시,경상북도 경산시 압량면 청운1로 89
407,압구정점,서울특별시,강남구,서울특별시 강남구 신사동 619-6번지
408,암사3동점,서울특별시,강동구,서울특별시 강동구 암사동 421-26번지
409,알펜시아점,강원도,평창군,강원도 평창군 대관령면 솔봉로 325
410,안양중앙시장점,경기도,안양시,경기도 안양시 만안구  냉천로 193번길 42 안양4동 711-120
411,안양박달점,경기도,안양시,경기도 안양시 만안구  박달로 506
412,안양관양점,경기도,안양시,경기도 안양시 동안구 관양1동 1386-18번지
413,안양7동점,경기도,안양시,"경기도 안양시 만안구  태평로 52번길 37, 지상 1층 110호"
414,안성한경대점,경기도,안성시,경기도 안성시 석정동 343번지 우남상가 102호
415,안산한양대점,경기도,안산시,경기도 안산시 상록구  성안길78-1
416,안산초지점,경기도,안산시,경기도 안산시 단원구 초지동 742-9번지 메가쇼핑 113호
417,안산일동점,경기도,안산시,경기도 안산시 상록구 일동 88-2번지 102호
418,안산성포점,경기도,안산시,경기도 안산시 상록구 성포동 592-2번지 현대@상가 112동 107호
419,안산선부3동점,경기도,안산시,경기도 안산시 단원구 선부3동 1116-14번지
420,안동중앙점,경상북도,안동시,"경상북도 안동시 신안동 퇴계로 152, 1층"
421,안동용상점,경상북도,안동시,경상북도 안동시  경동로 908
422,안동1호점,경상북도,안동시,경상북도 안동시  경동로 349
423,아산탕정점,충청남도,아산시,"충청남도 아산시 탕정면 명암리 939-10, 101호"
424,아산장재점,충청남도,아산시,"충청남도 아산시 배방읍 용연로 71, 103호"
425,아산용화점,충청남도,아산시,충청남도 아산시  온중로 39
426,아산신창점,충청남도,아산시,충청남도 아산시 신창면 행목리 215-3
427,아산권곡점,충청남도,아산시,충청남도 아산시  번영로 171
428,쌍문점,서울특별시,도봉구,서울특별시 도봉구  도봉로 125길 53
429,신흥약대점,경기도,부천시,경기도 부천시 원미구  약대동 118
430,신현점,경기도,광주시,"경기도 광주시 오포읍 능평리 태재로 111, 1층"
431,신탄진점,대전광역시,대덕구,대전광역시 대덕구  덕암로 255
432,신촌점,서울특별시,서대문구,서울특별시 서대문구  연세로 42-32
433,신창신가점,광주광역시,광산구,광주광역시 광산구  신창로 86번길 7-9
434,신정4동점,서울특별시,양천구,서울특별시 양천구  오목로 130
435,신정3동점,서울특별시,양천구,서울특별시 양천구 신정3동 761-89번지 대승프라자 103호
436,신장1호점,경기도,하남시,경기도 하남시 신장동 427-134번지
437,신월성점,대구광역시,달서구,대구광역시 달서구 월배로 33길 27 (진천동)
438,신월사파점,경상남도,창원시,경상남도 창원시 의창구  원이대로 687
439,"신월3,5동점",서울특별시,양천구,서울특별시 양천구 신월5동 58-1번지
440,"신월2,4동점",서울특별시,양천구,서울특별시 양천구 신월동 500-11
441,신시가지점,제주도,서귀포시,제주도 서귀포시  신서귀로 43
442,신수점,서울특별시,마포구,"서울특별시 마포구  독막로 195, 101"
443,신성점,대전광역시,유성구,대전광역시 유성구  신성로 66
444,신사1동점,서울특별시,은평구,서울특별시 은평구  갈현로1길 13
445,신봉점,경기도,용인시,경기도 용인시 수지구 신봉동 50-2번지 뉴골드프라자 106호
446,신림동점,서울특별시,관악구,서울특별시 관악구  신림동길 27
447,신둔점,경기도,이천시,경기도 이천시 신둔면 증신로 561
448,신도림점,서울특별시,구로구,서울특별시 구로구  신도림로11길 45
449,신대지구점,전라남도,순천시,전라남도 순천시 해룡면 신대리 2008-3
450,신대방1동점,서울특별시,동작구,서울특별시 동작구  신대방1길 16
451,"신당3,4동점",서울특별시,중구,"서울특별시 중구  다산로32, 남산타운"
452,신내1동점,서울특별시,중랑구,서울특별시 중랑구 신내1동 398-4번지
453,신곡2동점,경기도,의정부시,"경기도 의정부시  부용로210번길 17, 101호"
454,신곡1동점,경기도,의정부시,경기도 의정부시  발곡로 31번길 15
455,시흥월곶점,경기도,시흥시,경기도 시흥시 월곶동 994-1번지 주영프라자 101호
456,시흥신천점,경기도,시흥시,경기도 시흥시 신천동 378-7
457,시흥대야점,경기도,시흥시,경기도 시흥시 대야동 475-11번지
458,시흥능곡점,경기도,시흥시,"경기도 시흥시  능곡로 182, 신성프라자 107호"
459,시흥5동점,서울특별시,금천구,서울특별시 금천구  금하로 731-7
460,시흥1동점,서울특별시,금천구,서울특별시 금천구  은행나무로 24
461,시립대점,서울특별시,동대문구,서울특별시 동대문구 전농동 155번지 삼성@상가 201호
462,순천풍덕점,전라남도,순천시,전라남도 순천시  풍덕주택길 3
463,순천조례점,전라남도,순천시,전라남도 순천시  봉화3길 5
464,순천연향점,전라남도,순천시,전라남도 순천시  연향1로 12
465,순천북부점,전라남도,순천시,전라남도 순천시  업동2길 2
467,순천남부점,전라남도,순천시,전라남도 순천시  우석로 202
468,순창점,전라북도,순창군,전라북도 순창군 순창읍 장류로 358
469,수택3동점,경기도,구리시,경기도 구리시 수택3동 853번지 럭키아파트상가 108호
470,수택2동점,경기도,구리시,"경기도 구리시  벌말로 185, 117호"
472,수유2동벽산점,서울특별시,강북구,서울특별시 강북구  삼양로 424
473,수원조원1동점,경기도,수원시,경기도 수원시 장안구  조원로 111번길 31
474,수원정자3동점,경기도,수원시,경기도 수원시 장안구 천천동 481-5 1층
475,수원정자2동점,경기도,수원시,경기도 수원시 장안구 정자2동 46-41번지
476,수원인계점,경기도,수원시,경기도 수원시 팔달구 인계동 1008-24
477,수원율전점,경기도,수원시장안구,"경기도 수원시장안구  서부로2197번길 40, 101호"
478,수원영화점,경기도,수원시장안구,경기도 수원시장안구  정조로934번길 46
479,수원역점,경기도,수원시팔달구,경기도 수원시팔달구  매산로52번길 8-1
480,수원망포점,경기도,수원시,"경기도 수원시 영통구  영통로 127, 102호"
481,수완2호점,광주광역시,광산구,"광주광역시 광산구 신가 1245, 1층"
482,수암신정2호점,울산광역시,남구,"울산광역시 남구  신선로 45, 롯데캐슬 중앙상가동 209호"
483,수석석남점,충청남도,서산시,충청남도 서산시  덕지천로 105 (석림동)
484,수서일원본동점,서울특별시,강남구,서울특별시 강남구 수서동 사이룩스 서관1층 111호
485,수색증산점,서울특별시,은평구,서울특별시 은평구 증산서길 98
486,수락점,서울특별시,노원구,"서울특별시 노원구 동일로 239길 19, 105호"
487,수내점,경기도,성남시분당구,"경기도 성남시분당구  발이봉남로 3번길 4, 1층"
488,수곡모충점,충청북도,청주시서원구,충청북도 청주시서원구  구룡산로 340
489,송파점,서울특별시,송파구,서울특별시 송파구 송파2동 102-1번지 1층
490,송촌점,대전광역시,대덕구,대전광역시 대덕구  동춘당로 44번길 20
491,송천에코점,전라북도,전주시덕진구,전라북도 전주시덕진구 송천로 112-42
492,송우리점,경기도,포천시,경기도 포천시 소흘읍 송우로 55-5
493,송림송현점,인천광역시,동구,인천광역시 동구  금곡로 86-1
494,송도신도시점,인천광역시,연수구,인천광역시 연수구  컨벤시아대로 50
495,송내북부역점,경기도,부천시,경기도 부천시 원미구 상동 429-14
496,송내2동점,경기도,부천시,경기도 부천시 소사구 송내2동 628-24번지
497,속초조양점,강원도,속초시,"강원도 속초시  조양상가길 2, 110호"
498,속초교동점,강원도,속초시,강원도 속초시 교동 교동로 113번지
499,소하2동점,경기도,광명시,경기도 광명시  성채로 50번길 33
500,소하1동점,경기도,광명시,경기도 광명시 소하1동 1324번지 주공아파트 상가 (후문)
501,소촌우산점,광주광역시,광산구,광주광역시 광산구  사암로 106번길 57
502,소사점,경기도,부천시,경기도 부천시 소사구 소사본3동 400-7 청구@ 상가 101호
503,소사벌점,경기도,평택시,경기도 평택시  비전6길 2-14
504,세종한솔점,세종특별자치시,누리로,"세종특별자치시   누리로 119, 첫마을아파트상가동 제비 103호"
505,세종종촌점,세종특별자치시,도움3로,"세종특별자치시   도움3로 105-8, 109호"
506,세종도담점,세종특별자치시,보듬3로,"세종특별자치시   보듬3로 8-13, 111"
508,세교통복점,경기도,평택시,경기도 평택시  통복시장로 54번길 16-7
509,세교1호점,경기도,오산시,경기도 오산시 궐동 612-1 대유프라자 1층 107호
510,성현점,서울특별시,관악구,서울특별시 관악구 봉천동 466-76
511,성신여대점,서울특별시,성북구,서울특별시 성북구 동선2가 145번지
512,성수1호점,서울특별시,성동구,서울특별시 성동구 성수1가2동 13-382 1층
513,성산2동점,서울특별시,마포구,서울특별시 마포구  성암로7길 25
514,성내3동점,서울특별시,강동구,서울특별시 강동구 성내동 433-14 1층
515,성내2동점,서울특별시,강동구,"서울특별시 강동구 성내동 25-1번지 이안A상가 110,111호"
516,성남하대원점,경기도,성남시,"경기도 성남시 중원구  마지로 155번길 25-12, 106호"
517,성남중앙점,경기도,성남시중원구,경기도 성남시중원구  광명로 209
518,성남구미1동점,경기도,성남시분당구,경기도 성남시분당구 구미1동 144-2
519,성건중부점,경상북도,경주시,경상북도 경주시  북성로 98
520,선학점,인천광역시,연수구,인천광역시 연수구  비류대로529번길 3
521,석촌점,서울특별시,송파구,서울특별시 송파구  송파대로45길 16
522,석수2동점,경기도,안양시,경기도 안양시 만안구  안양로 532번길 27
523,석관점,서울특별시,성북구,"서울특별시 성북구  돌곶이로 21, 1층"
524,서판교점,경기도,성남시분당구,경기도 성남시분당구 운중동 1018-4번지 로데오상가 1층 7호
525,서초3동점,서울특별시,서초구,서울특별시 서초구  반포대로21길 40
526,서초2동점,서울특별시,서초구,서울특별시 서초구  서운로 79
527,서천점,충청남도,서천군,충청남도 서천군 서천읍 사곡리 304-68
528,서창지구점,인천광역시,남동구,인천광역시 남동구 서창동 112 서창먹거리타운 1층
529,서울대방점,서울특별시,동작구,서울특별시 동작구  대방동23길 42
530,서산지곡점,충청남도,서산시,충청남도 서산시 지곡면 화천리 371-4
531,서부전하점,울산광역시,동구,울산광역시 동구  명덕2길 11
532,서부신시가지점,전라북도,전주시,전라북도 전주시 완산구 효자동 2가 1308-4
533,서림점,서울특별시,관악구,서울특별시 관악구 신림동 96-60 한강뉴스타
534,서둔탑동점,경기도,수원시,경기도 수원시 권선구  서둔로 221
535,서대문연희점,서울특별시,서대문구,서울특별시 서대문구  연희로 181
536,서남금동점,광주광역시,동구,광주광역시 동구  백서로 125번길 28-1
537,서교점,서울특별시,마포구,서울특별시 마포구 서교동 377-2
538,서곡지구점,전라북도,전주시완산구,"전라북도 전주시완산구  서곡1길 1-4 , 1층"
539,서강점,서울특별시,마포구,"서울특별시 마포구  창전로 45, 102-103"
540,상현2동점,경기도,용인시,경기도 용인시 수지구 상현2동 54-5 가동 102호
541,상주냉림무양점,경상북도,상주시,경상북도 상주시  냉림2길 31-3
542,상일점,서울특별시,강동구,서울특별시 강동구 상일동 237번지
543,상암점,서울특별시,마포구,서울특별시 마포구 상암동 30-1번지 형제빌딩 103호
544,상무2호점,광주광역시,서구,광주광역시 서구 화정로85번길 30-1 1층
545,상도4동점,서울특별시,동작구,서울특별시 동작구  성대로 63
546,상도1호점,서울특별시,동작구,서울특별시 동작구 상도동 436
547,"상계6,7동점",서울특별시,노원구,서울특별시 노원구 상계동 728-3 주공6단지 상가 101호
548,삼천포점,경상남도,사천시,경상남도 사천시 벌리동 420-8번지
549,삼척점,강원도,삼척시,강원도 삼척시 대학로 40
550,삼전점,서울특별시,송파구,서울특별시 송파구  백제고분로21길 20
551,삼송1호점,경기도,고양시,경기도 고양시 덕양구 동산동 355-1번지
552,삼성2동점,서울특별시,강남구,"서울특별시 강남구  삼성로103길 12, 123"
553,삼산2동점,인천광역시,부평구,인천광역시 부평구 삼산동 453-1번지
554,삼산1동점,인천광역시,부평구,인천광역시 부평구 삼산동 삼산동 222-34
555,산북소룡점,전라북도,군산시,전라북도 군산시  원산북2길 37
556,산본1동점,경기도,군포시,"경기도 군포시 군포로745번길 45, 1층"
557,산남성화점,충청북도,청주시서원구,충청북도 청주시서원구  두꺼비로 27번길 5-11
558,산곡2동점,인천광역시,부평구,인천광역시 부평구  화랑북로11번길 38
559,사창사직2점,충청북도,청주시서원구,충청북도 청주시서원구  사직대로 144번길 35-2
560,사동계양점,경상북도,경산시,경상북도 경산시 백양로34길 16
561,"사당4,5동점",서울특별시,동작구,서울특별시 동작구 사당4동 272-3
562,사당1동점,서울특별시,동작구,서울특별시 동작구 사당동 1038-12
563,사2동점,경기도,안산시,"경기도 안산시 상록구  감골로 33, 101호"
564,비전2동점,경기도,평택시,경기도 평택시 비전2동 855-1번지
565,비래가양점,대전광역시,동구,대전광역시 동구 가양동 28-12번지
566,불현점,경기도,동두천시,경기도 동두천시 지행동 275-18
567,불로봉무점,대구광역시,동구,대구광역시 동구 팔공로101길 47
568,불로동점,인천광역시,서구,인천광역시 서구 불로동 308번지
569,불당쌍용3동점,충청남도,천안시,충청남도 천안시 서북구  쌍용12길 10-4
570,불광1동점,서울특별시,은평구,서울특별시 은평구  불광로 114
571,분당동점,경기도,성남시,경기도 성남시 분당구 분당동 96번지
572,북아현점,서울특별시,서대문구,"서울특별시 서대문구  북아현로1길 50, 상가1동 106호"
573,북변사우점,경기도,김포시,경기도 김포시 사우동 1066번지
574,북가좌1호점,서울특별시,서대문구,서울특별시 서대문구  증가로 223
576,부흥달안점,경기도,안양시동안구,"경기도 안양시동안구  동안로 194, 1층 117호"
577,부평4동점,인천광역시,부평구,인천광역시 부평구  주부토로 109
578,부천중동점,경기도,부천시,경기도 부천시 원미구 중1동 1123-2번지 107호
579,부천원종2동점,경기도,부천시,경기도 부천시 오정구 원종동 224-8번지
580,부천원미점,경기도,부천시원미구,경기도 부천시원미구  원미로137
581,부천심곡점,경기도,부천시,경기도 부천시 원미구 심곡동 420-13번지
582,부천상동점,경기도,부천시,경기도 부천시 원미구  조마루로85번길 7-62
583,부여점,충청남도,부여군,충청남도 부여군 부여읍 중앙로5번길 24-10
584,부안읍점,전라북도,부안군,"전라북도 부안군 부안읍 학동길 21-1, 201호"
585,부산화명점,부산광역시,북구,부산광역시 북구 화명3동 2287-1 리버사이드빌딩 107-1호
586,부산학장점,부산광역시,사상구,부산광역시 사상구 학장동 610-7번지
587,부산하단점,부산광역시,사하구,부산광역시 사하구 하단2동 870-268번지
588,부산토곡점,부산광역시,연제구,부산광역시 연제구  과정로 132번길 50
589,부산초읍점,부산광역시,부산진구,부산광역시 부산진구  성지로 104번길 46
590,부산초량점,부산광역시,동구,부산광역시 동구  초량중로 33
591,부산청학점,부산광역시,영도구,부산광역시 영도구 청학동 신도브래뉴 상가 112호
592,부산주례점,부산광역시,사상구,부산광역시 사상구  양지로 8번길 45-15
593,부산주례2호점,부산광역시,사상구,부산광역시 사상구 주례동 80-29번지 1층
594,부산좌동점,부산광역시,해운대구,부산광역시 해운대구  좌동순환로 275
595,부산전포점,부산광역시,부산진구,부산광역시 부산진구  서전로 58번길 51
596,부산재송점,부산광역시,해운대구,부산광역시 해운대구 재송동 1091-34번지
597,부산장전점,부산광역시,금정구,부산광역시 금정구  장전온천천로 73번길 6
598,부산장림점,부산광역시,사하구,부산광역시 사하구  다대로 320번길 25
599,부산우동점,부산광역시,해운대구,부산광역시 해운대구  우동1로 45
600,부산우2동점,부산광역시,해운대구,"부산광역시 해운대구  해운대로 361, 103호"
601,부산온천점,부산광역시,동래구,부산광역시 동래구  우장춘로 18번길 10
602,부산온천3동점,부산광역시,동래구,부산광역시 동래구  충렬대로 86번길 31
603,부산엄궁점,부산광역시,사상구,부산광역시 사상구  엄궁북로 4번길 7
604,부산양정점,부산광역시,부산진구,부산광역시 부산진구  양정로 6
605,부산안락점,부산광역시,동래구,"부산광역시 동래구  안락로 109, 크로바맨션아파트 상가 1호"
606,부산수정점,부산광역시,동구,부산광역시 동구  홍곡로 74
607,부산수영점,부산광역시,수영구,"부산광역시 수영구  수영로 741번길 46, 협성르네상스상가 218동 10"
608,부산수민점,부산광역시,동래구,부산광역시 동래구 수안동 34-1번지 새동래상가 6동 104호
609,부산송도점,부산광역시,서구,"부산광역시 서구 암남공원로 27, 1층"
610,부산서동점,부산광역시,금정구,부산광역시 금정구  서곡로 34
611,부산사직점,부산광역시,동래구,부산광역시 동래구 사직1동 47-23번지
612,부산부암점,부산광역시,부산진구,부산광역시 부산진구  백양순환로 137-1
613,부산부곡점,부산광역시,금정구,부산광역시 금정구 부곡동 중앙대로1706번길 15
614,부산부곡2호점,부산광역시,금정구,부산광역시 금정구  서동로 36
615,부산범천점,부산광역시,부산진구,부산광역시 부산진구 범천동 850-15
616,부산반여점,부산광역시,해운대구,부산광역시 해운대구 반여1동 908-15번지
617,부산반여2호점,부산광역시,해운대구,부산광역시 해운대구  재반로 242번길 29-70
618,부산반송점,부산광역시,해운대구,"부산광역시 해운대구  윗반송로 51번길 46-1, 1층"
619,부산문현점,부산광역시,남구,부산광역시 남구 문현1동 13-63번지
620,부산명지점,부산광역시,강서구,"부산광역시 강서구  명지오션시티2로 71, 극동스타클래스상가 205호"
621,부산명장점,부산광역시,동래구,부산광역시 동래구  명안로 81
622,부산망미점,부산광역시,수영구,부산광역시 수영구  망미배산로24번길 24
623,부산만덕점,부산광역시,북구,"부산광역시 북구  만덕2로 44번길 72, 106호"
624,부산동삼점,부산광역시,영도구,부산광역시 영도구  동삼로 79
625,부산동대신점,부산광역시,서구,부산광역시 서구 동대신동 2가 261-1번지
626,부산덕포점,부산광역시,사상구,부산광역시 사상구  삼덕로 72-1
627,부산덕천점,부산광역시,북구,부산광역시 북구 덕천1동 408-18번지
628,부산대연점,부산광역시,남구,부산광역시 남구  못골로41번길 13
629,부산대신점,부산광역시,서구,부산광역시 서구 서대신동3가 279-14번지 2통 4반
630,부산당리점,부산광역시,사하구,부산광역시 사하구  다대로 4
631,부산당감점,부산광역시,부산진구,부산광역시 부산진구  당감서로 118-1
632,부산다대점,부산광역시,사하구,부산광역시 사하구 다대1동 933-12번지
633,부산남항점,부산광역시,영도구,부산광역시 영도구 남항2가 224-5번지
634,부산남천점,부산광역시,수영구,부산광역시 수영구 남천동 171 우성보라아파트 상가동 2호
635,부산남산점,부산광역시,금정구,부산광역시 금정구  남산로37번길 60
636,부산낙민점,부산광역시,동래구,부산광역시 동래구  안남로 69
637,부산기장점,부산광역시,기장군,부산광역시 기장군 기장읍 차성동로 161
638,부산금곡점,부산광역시,북구,부산광역시 북구  효열로 207
639,부산구포점,부산광역시,북구,부산광역시 북구  시랑로7번길 4
640,부산구서점,부산광역시,금정구,부산광역시 금정구 구서2동 184-23번지
641,부산괴정점,부산광역시,사하구,부산광역시 사하구 괴정동 929번지
642,부산괴정2호점,부산광역시,사하구,부산광역시 사하구  사리로 42
643,부산광안1동점,부산광역시,수영구,부산광역시 수영구 민락동 167-1번지
644,부산거제점,부산광역시,연제구,부산광역시 연제구 거제1동 139-10
645,부산개금점,부산광역시,부산진구,부산광역시 부산진구 개금3동 470-8번지
646,부산감천점,부산광역시,사하구,부산광역시 사하구  감천로 69
647,부산감만점,부산광역시,남구,부산광역시 남구  우암로 79번길 1
648,부산가야점,부산광역시,부산진구,부산광역시 부산진구  가야대로 552번길 135
649,부개2동점,인천광역시,부평구,인천광역시 부평구 부개동 124-51번지
650,봉일천점,경기도,파주시,경기도 파주시 조리읍 봉일천리 142-3번지
651,봉동점,전라북도,완주군,전라북도 완주군 봉동읍 완주산단8로 24
652,봉담1호점,경기도,화성시,경기도 화성시 봉담읍 상리 11-47번지 지맨프라자 119호
653,봄그리고가을리조트,제주도,서귀포시,"제주도 서귀포시 성산읍 해맞이해안로 2660, 1층
"
654,본오2동점,전라남도,목포시,경기도 안산시 상록구  본이로 8
655,본동월성2동점,대구광역시,달서구,대구광역시 달서구 본동 710-1
656,복대개신점,충청북도,청주시,충청북도 청주시 흥덕구  신율로 117
657,보성벌교점,전라남도,보성군,전라남도 보성군 벌교읍 채동선로 249
658,보령동대점,충청남도,보령시,충청남도 보령시 동대동 476-4번지
659,병점2동점,경기도,화성시,경기도 화성시 병점동 826-3번지 101호
660,별내2호점,경기도,남양주시,"경기도 남양주시  순화궁로 382-1, 별사랑마을2-2단지상가 104호"
661,별내1호점,경기도,남양주시,경기도 남양주시  별내동 1014-4 101호
662,"범어1,2,3동점",대구광역시,수성구,대구광역시 수성구  동대구로73길 24
663,번동점,서울특별시,강북구,"서울특별시 강북구 번동 330-1, 104호"
664,백석1동점,경기도,고양시,경기도 고양시 일산동구 백석동 1210-5 번지
665,배방점,충청남도,아산시,충청남도 아산시 배방읍 모산로 136
666,배곧신도시1호점,경기도,시흥시,경기도 시흥시  배곧4로30 배곧타운116호
667,방화1동점,서울특별시,강서구,서울특별시 강서구  방화대로23길 68
668,방학1동점,서울특별시,도봉구,"서울특별시 도봉구  도당로 133, 1층"
669,방이점,서울특별시,송파구,서울특별시 송파구  가락로 267
670,방배4동점,서울특별시,서초구,"서울특별시 서초구  방배로32길 8, 1층 (조일빌딩)"
671,방배1동점,서울특별시,서초구,서울특별시 서초구  방배로 13길 34
672,방림양림점,광주광역시,남구,광주광역시 남구 방림동 473-1 송림주택1동 101호
673,반포1동점,서울특별시,서초구,서울특별시 서초구 반포1동 746-8 103호
674,민락2지구점,경기도,의정부시,경기도 의정부시  용민로 249 골든타워 101호
675,미아1호점,서울특별시,강북구,서울특별시 강북구  삼양로 198
676,미성점,서울특별시,관악구,서울특별시 관악구  난우길 43
677,미사1호점,경기도,하남시,경기도 하남시  미사강변북로30번길 37
678,문화신풍점,전라북도,군산시,전라북도 군산시 대학로 120-1
679,문정점,서울특별시,송파구,서울특별시 송파구  동남로6길 41-10
680,문산점,경기도,파주시,경기도 파주시 문산읍 독산로 31-1
681,문막점,강원도,원주시,강원도 원주시 문막읍 건등리 1624-5
682,문래점,서울특별시,영등포구,서울특별시 영등포구  문래5가 23-1
683,문경새재점,경상북도,문경시,경상북도 문경시 문경읍 주흘1길 25
684,무안남악점,전라남도,무안군,"전라남도 무안군 삼향읍 남악영산길 39, 102호"
685,목포이로점,전라남도,목포시,전라남도 목포시 삼학로 331 금호상가 102호
686,목포용해점,전라남도,목포시,전라남도 목포시  포미로 10번길 8
687,목포연산북항점,전라남도,목포시,"전라남도 목포시 산정동 현대아파트상가 106,107호"
688,목포상동하당점,전라남도,목포시,전라남도 목포시  상리로 15번길 15
689,목포삼학점,전라남도,목포시,전라남도 목포시  둥근섬로 48-1
690,목천읍점,충청남도,천안시,충청남도 천안시 동남구 목천읍 신계리 422번지 동우상가 120호
691,목감점,경기도,시흥시,"경기도 시흥시  목감우회로 39, 118호"
692,목4동점,서울특별시,양천구,서울특별시 양천구  목동중앙서로 7길 16
693,모슬포점,제주도,서귀포시,제주도 서귀포시 대정읍 화모리 1238-6번지
694,명일점,서울특별시,강동구,서울특별시 강동구 명일동 342-1번지 105호
695,면목점,서울특별시,중랑구,서울특별시 중랑구  면목로 35길 52
696,면목본동점,서울특별시,중랑구,서울특별시 중랑구 면목본동 412-1
697,매탄3동점,경기도,수원시,경기도 수원시 영통구  매탄로 140번길 54-18
698,매탄1동점,경기도,수원시,경기도 수원시 영통구  매여울로 49
699,매곡오치점,광주광역시,북구,광주광역시 북구  매곡로 76
700,망원1동점,서울특별시,마포구,서울특별시 마포구  망원로 6길 19
701,망우본동점,서울특별시,중랑구,서울특별시 중랑구 망우본동 342-36
702,만수2호점,인천광역시,남동구,인천광역시 남동구  만수서로21번길 4
703,만수1호점,인천광역시,남동구,"인천광역시 남동구  장승로 14, 창대아트빌"
704,마포공덕점,서울특별시,마포구,"서울특별시 마포구  만리재로 74, 삼성래미안 재상가2동 113호"
705,마석점,경기도,남양주시,경기도 남양주시 화도읍 마석우리 357-7
706,마산회원점,경상남도,창원시마산회원구,경상남도 창원시마산회원구  북성로 156
707,마산월영점,경상남도,창원시,경상남도 창원시 마산합포 월영동 610-1
708,마산양덕점,경상남도,마산회원구,경상남도 마산회원구  양덕로 140
709,마산삼계점,경상남도,창원시마산회원구,경상남도 창원시마산회원구 내서읍 내서읍 삼계리 601번지
710,마산내서점,경상남도,창원시,경상남도 창원시 마산회원 내서읍 중리 337-1번지
711,마산구암점,경상남도,창원시,경상남도 창원시 마산회원  구암북1길 124
712,마곡나루역점,서울특별시,강서구,"서울특별시 강서구  마곡중앙로 161-22, 1층 112호"
713,마곡1호점,서울특별시,강서구,서울특별시 강서구 마곡동 746-1 마곡엠벨리12단지
714,뚝섬유원지역점,서울특별시,광진구,"서울특별시 광진구  뚝섬로34길 67, 광진트라팰리스 B-104"
715,등촌2동점,서울특별시,강서구,서울특별시 강서구  등촌로53길 13
716,둔촌2동점,서울특별시,강동구,서울특별시 강동구  천호대로198길 12
717,동해천곡점,강원도,동해시,강원도 동해시 천곡동 1052-22 102호
718,동해북삼점,강원도,동해시,강원도 동해시 동회동  66-4 동보상가 나동 4호
719,동판교점,경기도,성남시,경기도 성남시 분당구 삼평동 726 가상가동 103호
720,동탄영천점,경기도,화성시,"경기도 화성시 지산2길 26, 101호"
721,동탄3동점,경기도,화성시,경기도 화성시 능동 1083 동탄능동마을 주공 아파트 가 상가동 101호
722,동탄1동점,경기도,화성시,경기도 화성시 반송동 24-3
723,동춘점,인천광역시,연수구,인천광역시 연수구  먼우금로83번길 12 2층 202-1호
724,동암점,인천광역시,부평구,인천광역시 부평구 십정동 487-2번지
725,동서오동점,경상남도,창원시,경상남도 창원시 마산합포  3.15대로 388
726,동산반월점,전라북도,전주시덕진구,"전라북도 전주시덕진구  쪽구름로 19, 상가1동 101호"
727,동백점,경기도,용인시,"경기도 용인시 기흥구  동백3로 11번길 33, 106호"
728,동대문신당1동점,서울특별시,중구,서울특별시 중구  다산로 39길 20
729,동광오거리점,강원도,춘천시,"강원도 춘천시 후평동 삭주로 206-1, 1층(후평동)"
730,독산3동점,서울특별시,금천구,서울특별시 금천구  시흥대로 148길 22
732,독립문점,서울특별시,서대문구,서울특별시 서대문구  독립문로 16
733,도화점,서울특별시,마포구,서울특별시 마포구 도화동 200-17번지 102호
734,도안2호점,대전광역시,서구,"대전광역시 서구  원도안로 100, 101호"
735,도안1호점,대전광역시,유성구,대전광역시 유성구  유성대로 654번길 152-1
736,도림점,서울특별시,영등포구,서울특별시 영등포구 도림동 144-73번지
737,도농점,경기도,남양주시,경기도 남양주시  도농로중촌2길 26-21
738,도곡2동점,서울특별시,강남구,서울특별시 강남구  논현로30길 36
739,"덕풍1,2동점",경기도,하남시,경기도 하남시 덕풍동 342-32
740,덕진금암점,전라북도,전주시덕진구,전라북도 전주시덕진구  조경단로 59
741,대화점,경기도,고양시,경기도 고양시 일산서구  강성로214번길 16-10
742,대학동점,서울특별시,관악구,서울특별시 관악구  호암로 22길 61
743,대치2동점,서울특별시,강남구,서울특별시 강남구 대치2동 990-3번지
744,"대치1,4동점",서울특별시,강남구,"서울특별시 강남구  삼성로 229, 104호"
745,대천해수욕장점,충청남도,보령시,"충청남도 보령시  해수욕장6길 124, 102호"
746,대조점,서울특별시,은평구,서울특별시 은평구 대조동 91-67
747,대전태평점,대전광역시,중구,대전광역시 중구 태평동 330-20번지
748,대전탄방점,대전광역시,서구,대전광역시 서구 탄방동 848
749,대전전민점,대전광역시,유성구,"대전광역시 유성구 전민로38번길 50, 1층"
750,대전월평1호점,대전광역시,서구,대전광역시 서구 월평동 670
751,대전우송대점,대전광역시,동구,대전광역시 동구 소제동 299-376
752,대전송강테크노점,대전광역시,유성구,"대전광역시 유성구  관평1로 15, 106호"
753,대전법동점,대전광역시,대덕구,대전광역시 대덕구  계족산로17번길 110
754,대전반석점,대전광역시,유성구,대전광역시 유성구 반석동 624-2
755,대전문화점,대전광역시,중구,대전광역시 중구 문화2동 418-1 계룡APT상가 103호
756,대전만년점,대전광역시,서구,대전광역시 서구  만년남로 3번길 8-12
757,대전둔산1호점,대전광역시,서구,대전광역시 서구  문정로 170번길 157
758,대전도마점,대전광역시,서구,대전광역시 서구  도솔4길 37
759,대전노은점,대전광역시,유성구,대전광역시 유성구 지족동 909-17번지
760,대전궁동점,대전광역시,유성구,대전광역시 유성구 궁동 432-1번지
761,대전관저점,대전광역시,서구,대전광역시 서구  관저동로 73번길 29-26
762,대전갈마2동점,대전광역시,서구,"대전광역시 서구  대덕대로 115, 1층"
763,대전가장점,대전광역시,서구,대전광역시 서구 괴정동 116-6
764,대전가오점,대전광역시,동구,대전광역시 동구 가오동 461번지
765,대연2호점,부산광역시,남구,부산광역시 남구  용소로 42
766,대성죽교점,전라남도,목포시,전라남도 목포시  양을로 1-2
767,대명1호점,대구광역시,남구,대구광역시 남구  대명로 20길 22-2
768,대림1동점,서울특별시,영등포구,서울특별시 영등포구  대림동 902-7
769,대구황금점,대구광역시,수성구,대구광역시 수성구 황금동 228-1번지 외 1필지
770,대구화원점,대구광역시,달성군,대구광역시 달성군 화원읍  천내리 118번지 창신맨션 상가 1동 2호
771,대구평리1호점,대구광역시,서구,대구광역시 서구  평리로 377
772,대구파동점,대구광역시,수성구,대구광역시 수성구  파동로 174
773,대구태전점,대구광역시,북구,대구광역시 북구 태전동 칠곡중앙대로 53길 10
774,대구침산점,대구광역시,북구,대구광역시 북구  침산남로 19길 6
776,대구진천점,대구광역시,달서구,대구광역시 달서구 진천동 728-1번지
777,대구지산점,대구광역시,수성구,대구광역시 수성구 지산동 1272-2번지 에덴상가 5호
778,대구율하점,대구광역시,동구,대구광역시 동구  율하동로 25길 2 (신기동)
779,대구용산점,대구광역시,달서구,대구광역시 달서구 용산동 용산로 186-7  1층
780,대구신천점,대구광역시,동구,대구광역시 동구 신천3동 183-1번지
781,대구신매점,대구광역시,수성구,"대구광역시 수성구  고산로 70, 4-16동 1층4호"
782,대구신당점,대구광역시,달서구,대구광역시 달서구  서당로9안길 5
783,대구수성점,대구광역시,수성구,대구광역시 수성구 수성로271
784,대구성당본리점,대구광역시,달서구,대구광역시 달서구  대명천로 96
785,대구상인1호점,대구광역시,달서구,대구광역시 달서구  상인로100-1
786,대구상.중동점,대구광역시,수성구,대구광역시 수성구 상동 316-9번지
787,대구봉덕점,대구광역시,남구,대구광역시 남구 봉덕동 617-14
788,대구복현점,대구광역시,북구,대구광역시 북구 복현2동 265-1
789,대구범어4만촌3점,대구광역시,수성구,대구광역시 수성구  범어로18길 56
790,대구방촌점,대구광역시,동구,"대구광역시 동구  방촌로 125, 현대아파트 101동111호"
791,대구반야월점,대구광역시,동구,대구광역시 동구 신서동 513-1
792,대구메트로점,대구광역시,수성구,대구광역시 수성구 만촌동 962-15
793,대구매호점,대구광역시,수성구,대구광역시 수성구  매호동 1323-9 번지
794,대구동천점,대구광역시,북구,대구광역시 북구  팔거천동로 34길 3-17
795,대구대현점,대구광역시,북구,대구광역시 북구  대현로 116
796,대구대곡점,대구광역시,달서구,대구광역시 달서구 도원동 1457-2 산새마을 상가 나동 101호
797,대구다사점,대구광역시,달성군,대구광역시 달성군 다사읍 대실역북로3길 9
798,대구내당중리점,대구광역시,서구,대구광역시 서구  평리로 50길 27
799,대구남산대신점,대구광역시,중구,대구광역시 중구  남산로 17길 145
800,대구구암점,대구광역시,북구,대구광역시 북구  구암로 43길 13
801,대구관음점,대구광역시,북구,대구광역시 북구 관음동 600-2번지
802,대광점,경기도,연천군,경기도 연천군 신서면 도신리 290-20
803,대관령점,강원도,평창군,강원도 평창군 대관령면 눈마을길 49
804,당하점,인천광역시,서구,"인천광역시 서구  서곶로 876, 103호"
805,당진신평점,충청남도,당진시,충청남도 당진시  거산3거리길 70
806,당진송악점,충청남도,당진시,충청남도 당진시 송악읍 가학리 632-8 대림e-편한세상 상가 206호
807,당산2동점,서울특별시,영등포구,서울특별시 영등포구  국회대로 29길 16
808,답십리1동점,서울특별시,동대문구,"서울특별시 동대문구  전농로 57, 1층"
809,담양점,전라남도,담양군,전라남도 담양군 담양읍 천변1길 11
810,다대2동점,부산광역시,사하구,부산광역시 사하구  다대로 429번길 20
811,능곡점,경기도,고양시,경기도 고양시 덕양구  지도로 35번길 12-22
812,논현고잔1호점,인천광역시,남동구,인천광역시 남동구  논고개로 136번길 12
813,논현1동점,서울특별시,강남구,서울특별시 강남구  학동로6길 3
814,녹번점,서울특별시,은평구,"서울특별시 은평구  녹번로 9, 1층"
815,노량진1동점,서울특별시,동작구,서울특별시 동작구  만양로72
816,내포신도시1호점,충청남도,홍성군,"충청남도 홍성군 홍북면 상하천로 31, 117호"
817,내수점,충청북도,청원군,"충청북도 청원군 내수읍 청암로 37, 104호"
818,내손2동점,경기도,의왕시,경기도 의왕시  흥안대로434번길 69
819,내방농성점,광주광역시,서구,광주광역시 서구  월산로 257
820,내덕우암점,충청북도,청주시상당구,충청북도 청주시상당구  중앙로 191-2
821,남지읍점,경상남도,창녕군,경상남도 창녕군 남지읍 663-26
822,남원2호점,전라북도,남원시,전라북도 남원시  충정로 320
823,남영후암점,서울특별시,용산구,서울특별시 용산구  한강대로 278-2
824,남양주창현점,경기도,남양주시,경기도 남양주시 화도읍 경춘로창벌1길 19
825,남양주진접점,경기도,남양주시,경기도 남양주시 진접읍 장현로 131
826,남양주월산점,경기도,남양주시,"경기도 남양주시 화도읍 경춘로2290번길 3,상가1동102호"
827,남양주와부1호점,경기도,남양주시,경기도 남양주시 와부읍 수레로 58
828,남양주오남점,경기도,남양주시,경기도 남양주시 오남읍 130번지 102호
829,남양주사능점,경기도,남양주시,경기도 남양주시 진건읍 진건오남로 105번길 15
831,남양가음점,경상남도,창원시성산구,"경상남도 창원시성산구  대정로 79, 106호"
832,남가좌1호점,서울특별시,서대문구,서울특별시 서대문구  가재울로 4길 57-2
833,나주혁신도시점,전라남도,나주시,전라남도 나주시  석전1길 15
834,나운2호점,전라북도,군산시,전라북도 군산시 부곡1길 39 1층 108호(나운동)
835,김해활천점,경상남도,김해시,경상남도 김해시 어방동 319-11
836,김해진영점,경상남도,김해시,경상남도 김해시 진영읍 장등로 30
837,김해장유점,경상남도,김해시,경상남도 김해시 장유면 삼문리 467-6번지
838,김해율하점,경상남도,김해시,경상남도 김해시 율하동 1403번지 부상가 101호
839,김해외동점,경상남도,김해시,경상남도 김해시 외동  1242-2 1층
840,김해삼방점,경상남도,김해시,경상남도 김해시  삼안로 169
841,김해삼계점,경상남도,김해시,경상남도 김해시 삼계동 1500-1 1층
842,김해부원점,경상남도,김해시,경상남도 김해시 김해대로2385번길 18-1
843,김해동장유점,경상남도,김해시,경상남도 김해시 월산로 111-43
844,김해내동점,경상남도,김해시,경상남도 김해시 외동 1121-1 동신빌딩 112호
845,김해구산대성점,경상남도,김해시,경상남도 김해시 구산동 555번지 106호
846,김포풍무점,경기도,김포시,경기도 김포시 풍무동 425번지 102호
847,김포장기점,경기도,김포시,경기도 김포시 장기동 1636번지 고창마을 제일풍경채상가동 102호
848,김천혁신점,경상북도,김천시,경상북도 김천시  율곡동 416 중흥에스클래스파라디움상가 2동 108호
849,김천1호점,경상북도,김천시,경상북도 김천시  신음새동네2길 31
850,김제점,전라북도,김제시,전라북도 김제시  요촌중길 93
851,길음1동점,서울특별시,성북구,"서울특별시 성북구  길음로 74, 2-107"
852,길동점,서울특별시,강동구,서울특별시 강동구 길동 142-2
853,금호1가응봉점,서울특별시,성동구,서울특별시 성동구 금호동1가 1801-2 1층
854,금촌점,경기도,파주시,경기도 파주시  새꽃로 96번지
855,금촌3동점,경기도,파주시,"경기도 파주시 아동동 경의로 1833, 1층일부"
856,금왕점,충청북도,음성군,충청북도 음성군 금왕읍 탑골길12 1동 103호
857,금산읍점,충청남도,금산군,충청남도 금산군 금산읍 비단로 329
858,금당왕지점,전라남도,순천시,전라남도 순천시  조례못등길 13
859,금광2동점,경기도,성남시,경기도 성남시 중원구  금빛로 61번길 11
860,귀인평안점,경기도,안양시동안구,"경기도 안양시동안구 평촌동 915-5번지, 1층"
861,권선2동점,경기도,수원시,경기도 수원시 권선구 권선동 1259-8번지
862,군포광정점,경기도,군포시,경기도 군포시  산본로432번길 4
863,군자점,서울특별시,광진구,서울특별시 광진구  군자로 168
864,군산조촌점,전라북도,군산시,전라북도 군산시  부골2길 53
865,군산수송점,전라북도,군산시,전라북도 군산시  축동로 7
866,군산나운점,전라북도,군산시,"전라북도 군산시  대학로 316, 1층"
867,구의1동점,서울특별시,광진구,"서울특별시 광진구  자양로 173, 간씨빌딩"
868,구월점,인천광역시,남동구,인천광역시 남동구  독점로3번길 30-6
869,구영천상점,울산광역시,울주군,울산광역시 울주군 범서읍 구영리 802-22번지
870,구미형곡점,경상북도,구미시,경상북도 구미시  형곡동로 70
871,구미인동점,경상북도,구미시,경상북도 구미시  인동16길 24-4
872,구미신평비산점,경상북도,구미시,경상북도 구미시  구미대로30길 26
873,구미송정원평점,경상북도,구미시,경상북도 구미시 신시로14길 50
874,구미선산점,경상북도,구미시,경상북도 구미시 선산읍 동교7길 3
875,구미상모사곡점,경상북도,구미시,경상북도 구미시  상모로 10길 21-63
876,구미봉곡점,경상북도,구미시,"경상북도 구미시 봉곡동 봉곡남로9길 7, 1층 101호"
877,구미문성점,경상북도,구미시,"경상북도 구미시 고아읍 들성로 7길 19, 1층"
878,구미도량점,경상북도,구미시,경상북도 구미시 야은로 413
879,구리교문점,경기도,구리시,경기도 구리시 교문동 757-1번지
880,구룡포점,경상북도,포항시,경상북도 포항시 남구 구룡포읍 호미로 253-2
881,구로5동점,서울특별시,구로구,서울특별시 구로구 구로중앙로28길 31
882,구로3동점,서울특별시,구로구,"서울특별시 구로구  디지털로27길 16, 106호"
883,구래1호점,경기도,김포시,경기도   김포시   김포한강9로12번길 97-14 101호
884,괴안범박점,경기도,부천시,경기도 부천시 소사구 괴안동 242-10번지
885,광주효천점,광주광역시,남구,"광주광역시 남구  효우2로26번길 18,1층 108호"
886,광주화정점,광주광역시,서구,광주광역시 서구  월드컵4강로 28번길 35
887,광주하남점,광주광역시,광산구,광주광역시 광산구  목련로 142
889,광주풍암점,광주광역시,서구,"광주광역시 서구  풍암순환로 183, 208호"
890,광주초월점,경기도,광주시,경기도 광주시 초월읍 쌍동리 393번지 E편한세상 B-106호
891,광주첨단점,광주광역시,광산구,광주광역시 광산구  월계로 92-1
892,광주진월점,광주광역시,남구,광주광역시 남구  서문대로 633번길 17
893,광주중흥점,광주광역시,북구,광주광역시 북구  우치로 27번길 26
894,광주주월점,광주광역시,남구,광주광역시 남구  회서로 11번길 13
895,광주일곡점,광주광역시,북구,광주광역시 북구  일곡택지로 55
896,광주운암점,광주광역시,북구,광주광역시 북구 운암동 885-56번지
897,광주운남점,광주광역시,광산구,광주광역시 광산구  임방울대로 142-14
898,광주용봉점,광주광역시,북구,"광주광역시 북구 서암대로 74-1, 103호"
899,광주오포점,경기도,광주시,경기도 광주시 오포읍 양벌리 562-8번지
900,광주양산점,광주광역시,북구,광주광역시 북구  양산택지로 89
901,광주수완점,광주광역시,광산구,광주광역시 광산구 수완동 958번지 102-1층
902,광주송정점,경기도,광주시,경기도 광주시 송정동 110-8번지
903,광주송정도산점,광주광역시,광산구,광주광역시 광산구 남동길 48번길 53
904,광주상무점,광주광역시,서구,광주광역시 서구  치평동 1168
905,광주봉선점,광주광역시,남구,광주광역시 남구 봉선동 1011-6번지
906,광주백운점,광주광역시,남구,"광주광역시 남구 백운로 29, 1층"
907,광주문흥점,광주광역시,북구,"광주광역시 북구 천지인로 173번길 22, A-102(문흥동,광명상가)"
908,광주두암점,광주광역시,북구,"광주광역시 북구  삼정로 71, 104호"
909,광주동천동림점,광주광역시,서구,광주광역시 서구  동천로 10번길 12-2
910,광주금호점,광주광역시,서구,광주광역시 서구  금부로번길 9
911,광장점,서울특별시,광진구,서울특별시 광진구  아차산로 70길 75 광장현대아파트
912,광양중마점,전라남도,광양시,전라남도 광양시  공영로 10
913,광양광영점,전라남도,광양시,전라남도 광양시  광영로 83
914,"광안2,4동점",부산광역시,수영구,부산광역시 수영구 광안동 168-7번지
915,"광명3,4동점",경기도,광명시,경기도 광명시 광명동 158-321
916,광교1호점,경기도,용인시,"경기도 용인시 수지구  광교중앙로 315, 광교티타워102호"
917,관교구월2호점,인천광역시,남동구,"인천광역시 남동구 문화서로 28번길 8, 1층"
918,과천1호점,경기도,과천시,경기도 과천시 원문동 4번지 레미안슈르A상가 1011호
919,공주중동점,충청남도,공주시,"충청남도 공주시  가구점길3, 1층"
920,공주신관점,충청남도,공주시,"충청남도 공주시  흑수골길 48, 1층"
921,공릉2동점,서울특별시,노원구,"서울특별시 노원구  노원로 62, 101호"
922,"공릉1,3동점",서울특별시,노원구,서울특별시 노원구 공릉동 573-20
923,공도2호점,경기도,안성시,경기도 안성시 공도읍 만정리 814-1
924,곤지암점,경기도,광주시,경기도 광주시 곤지암읍 평촌길 60
925,곡성점,전라남도,곡성군,전라남도 곡성군 곡성읍 읍내리 250-8
926,곡반정점,경기도,수원시,경기도 수원시 권선구 곡반정동 563-7번지 101호
927,고흥읍점,전라남도,고흥군,전라남도 고흥군 고흥읍 봉황길 32-1
928,고흥녹동점,전라남도,고흥군,전라남도 고흥군 도양읍 녹동남촌1길 24-1
929,고한사북점,강원도,정선군,강원도 정선군 사북읍 중앙로 68번지
930,고척2동점,서울특별시,구로구,서울특별시 구로구  고척로 180
931,고창점,전라북도,고창군,전라북도 고창군 고창읍 월곡공원1길 18
932,고양화정2동점,경기도,고양시,경기도 고양시 덕양구 성신로 10 101(화정동)
933,고양화정1동점,경기도,고양시,경기도 고양시 덕양구 화정동 923-11번지
934,고양성사점,경기도,고양시,경기도 고양시 덕양구  호국로 790번길 42-4
935,고성천진점,강원도,고성군,강원도 고성군 토성면 토성로 145
936,고성간성점,강원도,고성군,강원도 고성군 간성읍 간성로 67
937,"고덕1,2동점",서울특별시,강동구,서울특별시 강동구  상일로 161
938,계룡점,충청남도,계룡시,충청남도 계룡시  금암로 155-11
939,경주황성금장점,경상북도,경주시,경상북도 경주시  용담로116번길 7
940,경주충효탑정점,경상북도,경주시,경상북도 경주시  충효녹지길 6-17
941,경주보문점,경상북도,경주시,"경상북도 경주시  보문로 402-31,106호"
942,경주동천용강점,경상북도,경주시,경상북도 경주시  동천로 63
943,경산하양점,경상북도,경산시,경상북도 경산시 하양읍 하양로 34
944,경산진량점,경상북도,경산시,경상북도 경산시 진량읍 낙산길 22-1
945,경산옥산정평점,경상북도,경산시,경상북도 경산시  강변서로 51길 22
946,경산옥곡백천점,경상북도,경산시,"경상북도 경산시  백천동로 7,108"
947,경북청송점,경상북도,청송군,경상북도 청송군 청송읍 중앙로 236
948,경북청도점,경상북도,청도군,경상북도 청도군 청도읍 고수리 152-27
949,경북의성점,경상북도,의성군,경상북도 의성군 의성읍 중앙길 59
950,경북울진점,경상북도,울진군,경상북도 울진군 울진읍 울진중앙로 186-4
951,경북영주점,경상북도,영주시,경상북도 영주시 하망동 549-5번지
952,경북성주점,경상북도,성주군,경상북도 성주군 성주읍 성주순환로 162
953,경북석적점,경상북도,칠곡군,경상북도 칠곡군 석적읍 석적로 954
954,경북상주점,경상북도,상주시,경상북도 상주시  남성3길 31
955,경북봉화점,경상북도,봉화군,"경상북도 봉화군 봉화읍 신시장1길 4, 105호"
956,경북문경점,경상북도,문경시,경상북도 문경시 반쟁이3길 9 (모전동)
957,경북다산점,경상북도,고령군,경상북도 고령군 다산면 평리 6길 59
958,경복궁점,서울특별시,종로구,"서울특별시 종로구 사직로 사직로 114, 101호"
959,경남합천점,경상남도,합천군,경상남도 합천군 합천읍 합천리 충효로 4길 10
960,경남함양점,경상남도,함양군,경상남도 함양군  용평중앙길 25
961,경남하동점,경상남도,하동군,경상남도 하동군 하동읍 경서대로 106
962,경남사천점,경상남도,사천시,경상남도 사천시 정동면 고읍리 564-8번지
963,경남밀양점,경상남도,밀양시,경상남도 밀양시  밀양대로 1770-1 (삼문동)
964,경남남해점,경상남도,남해군,경상남도 남해군 남해읍 화전로 78번길 11
965,경남고성점,경상남도,고성군,경상남도 고성군 고성읍 중앙로 15번길 8
966,경기용문점,경기도,양평군,경기도 양평군 용문면 용문로 375
967,경기고양점,경기도,고양시,경기도 고양시 덕양구  읍내로 83-7
968,검암지구점,인천광역시,서구,인천광역시 서구   승학로 587
969,거창점,경상남도,거창군,경상남도 거창군 거창읍 상림리 834-3번지
970,거제중곡점,경상남도,거제시,"경상남도 거제시  해명로4길 8, 엘리유리안2차 아파트 상가 106호"
971,거제장평점,경상남도,거제시,경상남도 거제시  장평1로 16길 15
972,거제장승포점,경상남도,거제시,"경상남도 거제시  능포로4길 5, 107호"
973,거제옥포점,경상남도,거제시,경상남도 거제시  옥포중앙로 87-1
974,거제연초점,경상남도,거제시,경상남도 거제시  거제북로 48
975,거제아주점,경상남도,거제시,경상남도 거제시  아주1로 112
976,거제상문점,경상남도,거제시,경상남도 거제시 문동동 578-13번지
977,거제사등점,경상남도,거제시,경상남도 거제시 거제면 두동로 44
978,거제고현점,경상남도,거제시,경상남도 거제시 고현동 1036-7번지
979,거여2동점,서울특별시,송파구,서울특별시 송파구 거여동 35번지 1층
980,거모점,경기도,시흥시,경기도 시흥시 도일로 143(거모동)
981,개포4동점,서울특별시,강남구,서울특별시 강남구 개포동 1221번지
982,개포2동점,서울특별시,강남구,"서울특별시 강남구   선릉로12길 5, 102-나호"
983,개봉1동점,서울특별시,구로구,서울특별시 구로구  고척로21길 17-1
984,"개금1,2동점",부산광역시,부산진구,부산광역시 부산진구  엄광로 52-1
985,강화점,인천광역시,강화군,인천광역시 강화군 강화읍 강화대로 199
986,강저지구점,충청북도,제천시,충청북도 제천시 영천동 2209
987,강원횡성점,강원도,횡성군,강원도 횡성군 횡성읍 북천리 115-52
988,강릉홍제내곡점,강원도,강릉시,강원도 강릉시  남산초교길 12번길 16
989,강릉포남점,강원도,강릉시,강원도 강릉시  강릉대로 457번길 25
990,강릉택지점,강원도,강릉시,"강원도 강릉시   원대로 128번길, 107호"
991,강릉성덕점,강원도,강릉시,강원도 강릉시 입암동 498-12
992,갈현2동점,서울특별시,은평구,서울특별시 은평구 갈현2동 506-33번지
993,갈매점,경기도,구리시,"경기도 구리시 갈매순환로204 8-52, 101호 전면 왼쪽상가"
994,갈말점,강원도,철원군,강원도 철원군 갈말읍 명성로 139번길 13-22
995,간석1동점,인천광역시,남동구,인천광역시 남동구  예술로 278
996,가평점,경기도,가평군,경기도 가평군 가평읍 오리나무길 41-15
997,가좌1호점,인천광역시,서구,인천광역시 서구 가좌동 7번지
998,가양점,서울특별시,강서구,서울특별시 강서구 가양동 1479-3번지 1층 104호
999,가산점,서울특별시,금천구,서울특별시 금천구 가산동 151-25
1000,가락본동점,서울특별시,송파구,서울특별시 송파구  송파대로30길 41-34
1001,가곡수동점,경기도,남양주시,경기도 남양주시 수동면 비룡로 716
