area,team
서울시,기아
서울시,기아
서울시,기아
서울시,기아
서울시,기아
서울시,기아
서울시,기아
서울시,기아
서울시,기아
서울시,기아
서울시,엘지
서울시,엘지
서울시,엘지
서울시,엘지
서울시,엘지
서울시,엘지
서울시,엘지
서울시,엘지
서울시,엘지
서울시,엘지
서울시,엘지
서울시,엘지
서울시,엘지
서울시,롯데
서울시,롯데
서울시,롯데
서울시,롯데
서울시,롯데
서울시,롯데
서울시,롯데
서울시,롯데
서울시,롯데
서울시,롯데
서울시,롯데
서울시,롯데
서울시,롯데
서울시,롯데
서울시,롯데
서울시,롯데
서울시,롯데
서울시,롯데
서울시,두산
서울시,두산
서울시,두산
서울시,두산
서울시,두산
서울시,두산
서울시,두산
서울시,두산
서울시,두산
서울시,두산
서울시,두산
서울시,두산
서울시,두산
서울시,두산
서울시,두산
서울시,두산
서울시,두산
서울시,두산
서울시,두산
서울시,두산
서울시,두산
서울시,두산
서울시,두산
서울시,두산
서울시,두산
서울시,두산
서울시,두산
서울시,한화
서울시,한화
서울시,한화
서울시,한화
서울시,한화
서울시,한화
서울시,한화
서울시,한화
서울시,한화
서울시,한화
서울시,한화
서울시,한화
서울시,한화
서울시,한화
서울시,한화
서울시,한화
서울시,한화
서울시,넥센
서울시,넥센
서울시,넥센
서울시,넥센
서울시,넥센
서울시,넥센
서울시,넥센
서울시,넥센
서울시,넥센
서울시,넥센
서울시,넥센
서울시,넥센
서울시,넥센
서울시,넥센
서울시,넥센
서울시,넥센
서울시,넥센
서울시,넥센
서울시,넥센
서울시,넥센
서울시,넥센
서울시,넥센
서울시,넥센
서울시,넥센
서울시,넥센
서울시,넥센
서울시,넥센
서울시,넥센
서울시,넥센
서울시,넥센
서울시,넥센
서울시,넥센
서울시,넥센
서울시,삼성
서울시,삼성
서울시,삼성
서울시,삼성
서울시,삼성
서울시,삼성
서울시,삼성
서울시,삼성
서울시,삼성
서울시,삼성
서울시,삼성
서울시,삼성
서울시,삼성
서울시,삼성
서울시,삼성
서울시,삼성
서울시,삼성
서울시,삼성
서울시,삼성
서울시,삼성
서울시,삼성
서울시,삼성
서울시,삼성
서울시,삼성
서울시,삼성
서울시,삼성
서울시,삼성
서울시,삼성
서울시,삼성
서울시,케이티
서울시,케이티
서울시,케이티
서울시,케이티
서울시,케이티
서울시,케이티
서울시,케이티
서울시,케이티
서울시,케이티
서울시,케이티
서울시,케이티
서울시,케이티
서울시,케이티
서울시,케이티
서울시,케이티
서울시,케이티
서울시,케이티
서울시,케이티
서울시,케이티
서울시,케이티
서울시,케이티
서울시,케이티
서울시,케이티
서울시,케이티
서울시,케이티
서울시,케이티
서울시,케이티
서울시,케이티
서울시,케이티
서울시,케이티
서울시,케이티
서울시,케이티
서울시,케이티
서울시,케이티
서울시,케이티
서울시,케이티
서울시,케이티
서울시,케이티
서울시,케이티
서울시,케이티
서울시,케이티
서울시,케이티
서울시,케이티
서울시,케이티
서울시,케이티
서울시,케이티
서울시,케이티
서울시,케이티
서울시,케이티
서울시,케이티
서울시,케이티
서울시,케이티
서울시,케이티
서울시,케이티
서울시,케이티
서울시,케이티
서울시,케이티
서울시,케이티
서울시,케이티
서울시,케이티
서울시,케이티
서울시,케이티
서울시,케이티
서울시,케이티
서울시,케이티
서울시,케이티
서울시,케이티
서울시,케이티
서울시,케이티
서울시,케이티
서울시,케이티
서울시,케이티
서울시,케이티
서울시,케이티
서울시,케이티
서울시,케이티
서울시,케이티
서울시,케이티
서울시,케이티
서울시,케이티
서울시,케이티
서울시,케이티
서울시,케이티
서울시,케이티
서울시,케이티
서울시,케이티
서울시,케이티
서울시,케이티
서울시,케이티
서울시,케이티
서울시,케이티
서울시,케이티
서울시,케이티
서울시,케이티
서울시,케이티
서울시,케이티
서울시,케이티
서울시,케이티
서울시,케이티
서울시,케이티
서울시,케이티
서울시,케이티
서울시,케이티
서울시,케이티
서울시,케이티
서울시,케이티
서울시,케이티
서울시,케이티
서울시,케이티
서울시,케이티
서울시,케이티
서울시,케이티
서울시,케이티
서울시,케이티
서울시,케이티
서울시,케이티
서울시,케이티
서울시,케이티
서울시,케이티
서울시,케이티
서울시,케이티
서울시,케이티
서울시,케이티
서울시,케이티
서울시,케이티
서울시,케이티
서울시,케이티
서울시,케이티
서울시,케이티
서울시,케이티
서울시,케이티
서울시,케이티
서울시,케이티
서울시,케이티
서울시,케이티
서울시,케이티
서울시,케이티
서울시,케이티
서울시,케이티
서울시,케이티
서울시,케이티
서울시,케이티
서울시,케이티
서울시,케이티
서울시,케이티
서울시,케이티
서울시,케이티
서울시,케이티
서울시,케이티
서울시,케이티
서울시,케이티
서울시,케이티
서울시,케이티
서울시,케이티
서울시,케이티
서울시,케이티
서울시,케이티
서울시,케이티
서울시,케이티
서울시,케이티
서울시,케이티
서울시,케이티
서울시,케이티
서울시,케이티
서울시,케이티
서울시,케이티
서울시,케이티
서울시,케이티
서울시,케이티
서울시,케이티
서울시,케이티
서울시,케이티
서울시,케이티
서울시,케이티
서울시,케이티
서울시,케이티
서울시,케이티
서울시,케이티
서울시,케이티
서울시,케이티
서울시,케이티
서울시,케이티
서울시,케이티
서울시,케이티
서울시,케이티
서울시,케이티
서울시,케이티
서울시,케이티
서울시,케이티
서울시,케이티
서울시,케이티
서울시,케이티
서울시,케이티
서울시,케이티
서울시,케이티
서울시,케이티
서울시,케이티
서울시,케이티
서울시,케이티
서울시,케이티
서울시,케이티
서울시,케이티
서울시,케이티
서울시,케이티
서울시,케이티
서울시,케이티
서울시,케이티
서울시,케이티
서울시,케이티
서울시,케이티
서울시,케이티
서울시,케이티
서울시,케이티
서울시,케이티
서울시,케이티
서울시,케이티
서울시,케이티
서울시,케이티
서울시,케이티
서울시,케이티
서울시,케이티
서울시,케이티
서울시,케이티
서울시,케이티
서울시,케이티
서울시,케이티
서울시,케이티
서울시,케이티
서울시,케이티
서울시,케이티
서울시,케이티
서울시,케이티
서울시,케이티
서울시,케이티
서울시,케이티
서울시,케이티
서울시,케이티
서울시,케이티
서울시,케이티
서울시,케이티
서울시,케이티
서울시,케이티
서울시,케이티
서울시,케이티
서울시,케이티
서울시,케이티
서울시,케이티
서울시,케이티
서울시,케이티
서울시,케이티
서울시,케이티
서울시,케이티
서울시,케이티
서울시,케이티
서울시,케이티
서울시,케이티
서울시,케이티
서울시,케이티
서울시,케이티
서울시,케이티
서울시,케이티
서울시,케이티
서울시,케이티
서울시,케이티
서울시,케이티
서울시,케이티
서울시,케이티
서울시,케이티
서울시,케이티
서울시,케이티
서울시,케이티
서울시,케이티
서울시,케이티
서울시,케이티
서울시,케이티
서울시,케이티
서울시,케이티
서울시,케이티
서울시,케이티
서울시,케이티
서울시,케이티
서울시,케이티
서울시,케이티
서울시,케이티
서울시,케이티
서울시,케이티
서울시,케이티
서울시,케이티
서울시,케이티
서울시,케이티
서울시,케이티
서울시,케이티
서울시,케이티
서울시,케이티
서울시,케이티
서울시,케이티
서울시,케이티
서울시,에스케이
서울시,에스케이
서울시,에스케이
서울시,에스케이
서울시,에스케이
서울시,에스케이
서울시,에스케이
서울시,에스케이
서울시,에스케이
서울시,에스케이
서울시,에스케이
서울시,에스케이
서울시,에스케이
서울시,에스케이
서울시,에스케이
서울시,에스케이
서울시,에스케이
서울시,에스케이
서울시,에스케이
서울시,에스케이
서울시,에스케이
서울시,에스케이
서울시,에스케이
서울시,에스케이
서울시,에스케이
서울시,에스케이
서울시,에스케이
서울시,에스케이
서울시,에스케이
서울시,에스케이
서울시,에스케이
서울시,에스케이
서울시,에스케이
서울시,에스케이
서울시,에스케이
서울시,에스케이
서울시,에스케이
서울시,에스케이
서울시,에스케이
서울시,에스케이
서울시,에스케이
서울시,에스케이
서울시,에스케이
서울시,에스케이
서울시,에스케이
서울시,에스케이
서울시,에스케이
서울시,에스케이
서울시,에스케이
서울시,에스케이
서울시,에스케이
서울시,에스케이
서울시,에스케이
서울시,에스케이
서울시,에스케이
서울시,에스케이
서울시,에스케이
서울시,에스케이
서울시,에스케이
서울시,에스케이
서울시,에스케이
서울시,에스케이
서울시,에스케이
서울시,에스케이
서울시,에스케이
서울시,에스케이
서울시,에스케이
서울시,에스케이
서울시,에스케이
서울시,에스케이
서울시,에스케이
서울시,에스케이
서울시,에스케이
서울시,에스케이
서울시,에스케이
서울시,에스케이
서울시,에스케이
서울시,에스케이
서울시,에스케이
서울시,에스케이
서울시,에스케이
서울시,에스케이
서울시,에스케이
서울시,에스케이
서울시,에스케이
서울시,에스케이
서울시,에스케이
서울시,에스케이
서울시,에스케이
서울시,에스케이
서울시,에스케이
서울시,에스케이
서울시,에스케이
서울시,에스케이
서울시,에스케이
서울시,에스케이
서울시,에스케이
서울시,에스케이
서울시,에스케이
서울시,에스케이
서울시,에스케이
서울시,에스케이
서울시,에스케이
서울시,에스케이
서울시,에스케이
서울시,에스케이
서울시,에스케이
서울시,에스케이
서울시,에스케이
서울시,에스케이
서울시,에스케이
서울시,에스케이
서울시,에스케이
서울시,에스케이
서울시,에스케이
서울시,에스케이
서울시,에스케이
서울시,에스케이
서울시,에스케이
서울시,에스케이
서울시,에스케이
서울시,에스케이
서울시,에스케이
서울시,에스케이
서울시,에스케이
서울시,에스케이
서울시,에스케이
서울시,에스케이
서울시,에스케이
서울시,에스케이
서울시,에스케이
서울시,에스케이
서울시,에스케이
서울시,에스케이
서울시,에스케이
서울시,에스케이
서울시,에스케이
서울시,에스케이
서울시,에스케이
서울시,에스케이
서울시,에스케이
서울시,에스케이
서울시,에스케이
서울시,에스케이
서울시,에스케이
서울시,에스케이
서울시,에스케이
서울시,에스케이
서울시,에스케이
서울시,에스케이
서울시,에스케이
서울시,에스케이
서울시,에스케이
서울시,에스케이
서울시,에스케이
서울시,에스케이
서울시,에스케이
서울시,에스케이
서울시,에스케이
서울시,에스케이
서울시,에스케이
서울시,에스케이
서울시,에스케이
서울시,에스케이
서울시,에스케이
서울시,에스케이
서울시,에스케이
서울시,에스케이
서울시,에스케이
서울시,에스케이
서울시,에스케이
서울시,에스케이
서울시,에스케이
서울시,에스케이
서울시,에스케이
서울시,에스케이
서울시,에스케이
서울시,에스케이
서울시,에스케이
서울시,에스케이
서울시,에스케이
서울시,에스케이
서울시,에스케이
서울시,에스케이
서울시,에스케이
서울시,에스케이
서울시,에스케이
서울시,에스케이
서울시,에스케이
서울시,에스케이
서울시,에스케이
서울시,에스케이
서울시,에스케이
서울시,에스케이
서울시,에스케이
서울시,에스케이
서울시,에스케이
서울시,에스케이
서울시,에스케이
서울시,에스케이
서울시,에스케이
서울시,에스케이
서울시,에스케이
서울시,에스케이
서울시,에스케이
서울시,에스케이
서울시,에스케이
서울시,에스케이
서울시,에스케이
서울시,에스케이
서울시,에스케이
서울시,에스케이
서울시,에스케이
서울시,에스케이
서울시,에스케이
서울시,에스케이
서울시,에스케이
서울시,에스케이
서울시,에스케이
서울시,에스케이
서울시,에스케이
서울시,에스케이
서울시,에스케이
서울시,에스케이
서울시,에스케이
서울시,에스케이
서울시,에스케이
서울시,에스케이
서울시,에스케이
서울시,에스케이
서울시,에스케이
서울시,에스케이
서울시,에스케이
서울시,에스케이
서울시,에스케이
서울시,에스케이
서울시,에스케이
서울시,에스케이
서울시,에스케이
서울시,에스케이
서울시,에스케이
서울시,에스케이
서울시,에스케이
서울시,에스케이
서울시,에스케이
서울시,에스케이
서울시,에스케이
서울시,에스케이
서울시,에스케이
서울시,에스케이
서울시,에스케이
서울시,에스케이
서울시,에스케이
서울시,에스케이
서울시,에스케이
서울시,에스케이
서울시,에스케이
서울시,에스케이
서울시,에스케이
서울시,에스케이
서울시,에스케이
서울시,에스케이
서울시,에스케이
서울시,에스케이
서울시,에스케이
서울시,에스케이
서울시,에스케이
서울시,에스케이
서울시,에스케이
서울시,에스케이
서울시,에스케이
서울시,에스케이
서울시,에스케이
서울시,에스케이
서울시,에스케이
서울시,에스케이
서울시,에스케이
서울시,에스케이
서울시,에스케이
서울시,에스케이
서울시,에스케이
서울시,에스케이
서울시,에스케이
서울시,에스케이
서울시,에스케이
서울시,에스케이
서울시,에스케이
서울시,에스케이
서울시,에스케이
서울시,에스케이
서울시,에스케이
서울시,에스케이
서울시,에스케이
서울시,에스케이
서울시,에스케이
서울시,에스케이
서울시,에스케이
서울시,에스케이
서울시,에스케이
서울시,에스케이
서울시,에스케이
서울시,에스케이
서울시,에스케이
서울시,에스케이
서울시,에스케이
서울시,에스케이
서울시,에스케이
서울시,에스케이
서울시,에스케이
서울시,에스케이
서울시,에스케이
서울시,에스케이
서울시,에스케이
서울시,에스케이
서울시,에스케이
서울시,에스케이
서울시,에스케이
서울시,에스케이
서울시,에스케이
서울시,에스케이
서울시,에스케이
서울시,에스케이
서울시,에스케이
서울시,에스케이
서울시,에스케이
서울시,에스케이
서울시,에스케이
서울시,에스케이
서울시,에스케이
서울시,에스케이
서울시,에스케이
서울시,에스케이
서울시,에스케이
서울시,에스케이
서울시,에스케이
서울시,에스케이
서울시,에스케이
서울시,에스케이
서울시,에스케이
서울시,에스케이
서울시,에스케이
서울시,에스케이
서울시,에스케이
서울시,에스케이
서울시,에스케이
서울시,에스케이
서울시,에스케이
서울시,에스케이
서울시,에스케이
서울시,에스케이
서울시,에스케이
서울시,에스케이
서울시,에스케이
서울시,에스케이
서울시,에스케이
서울시,에스케이
서울시,에스케이
서울시,에스케이
서울시,에스케이
서울시,에스케이
서울시,에스케이
서울시,에스케이
서울시,에스케이
서울시,에스케이
서울시,에스케이
서울시,에스케이
서울시,에스케이
서울시,에스케이
서울시,에스케이
서울시,에스케이
서울시,에스케이
서울시,에스케이
서울시,에스케이
서울시,에스케이
서울시,에스케이
서울시,에스케이
서울시,에스케이
서울시,에스케이
서울시,에스케이
서울시,에스케이
서울시,에스케이
서울시,에스케이
서울시,에스케이
서울시,에스케이
서울시,에스케이
서울시,에스케이
서울시,에스케이
서울시,에스케이
서울시,에스케이
서울시,에스케이
서울시,에스케이
서울시,에스케이
서울시,에스케이
서울시,에스케이
서울시,에스케이
서울시,에스케이
서울시,에스케이
서울시,에스케이
서울시,에스케이
서울시,에스케이
서울시,에스케이
서울시,에스케이
서울시,에스케이
서울시,에스케이
서울시,에스케이
서울시,에스케이
서울시,에스케이
서울시,에스케이
서울시,에스케이
서울시,에스케이
서울시,에스케이
서울시,에스케이
서울시,에스케이
서울시,에스케이
서울시,에스케이
서울시,에스케이
서울시,에스케이
서울시,에스케이
서울시,에스케이
서울시,에스케이
서울시,에스케이
서울시,에스케이
서울시,에스케이
서울시,에스케이
서울시,에스케이
서울시,에스케이
서울시,에스케이
서울시,에스케이
서울시,에스케이
서울시,에스케이
서울시,에스케이
서울시,에스케이
서울시,에스케이
서울시,에스케이
서울시,에스케이
서울시,에스케이
서울시,에스케이
서울시,에스케이
서울시,에스케이
서울시,에스케이
서울시,에스케이
서울시,에스케이
서울시,에스케이
서울시,에스케이
서울시,에스케이
서울시,에스케이
서울시,에스케이
서울시,에스케이
서울시,에스케이
서울시,에스케이
서울시,에스케이
서울시,에스케이
서울시,에스케이
서울시,에스케이
서울시,에스케이
서울시,에스케이
서울시,에스케이
서울시,에스케이
서울시,에스케이
서울시,에스케이
서울시,에스케이
서울시,에스케이
서울시,에스케이
서울시,에스케이
서울시,에스케이
서울시,에스케이
서울시,에스케이
서울시,에스케이
서울시,에스케이
서울시,에스케이
서울시,에스케이
서울시,에스케이
서울시,에스케이
서울시,에스케이
서울시,에스케이
서울시,에스케이
서울시,에스케이
서울시,에스케이
서울시,에스케이
서울시,에스케이
서울시,에스케이
서울시,에스케이
서울시,에스케이
서울시,에스케이
서울시,에스케이
서울시,에스케이
서울시,에스케이
서울시,에스케이
서울시,에스케이
서울시,에스케이
서울시,에스케이
서울시,에스케이
서울시,에스케이
서울시,에스케이
서울시,에스케이
서울시,에스케이
서울시,에스케이
서울시,에스케이
서울시,에스케이
서울시,에스케이
서울시,에스케이
서울시,에스케이
서울시,에스케이
서울시,에스케이
서울시,에스케이
서울시,에스케이
서울시,에스케이
서울시,에스케이
서울시,에스케이
서울시,에스케이
서울시,에스케이
서울시,에스케이
서울시,에스케이
서울시,에스케이
서울시,에스케이
서울시,에스케이
서울시,에스케이
서울시,에스케이
서울시,에스케이
서울시,에스케이
서울시,에스케이
서울시,에스케이
서울시,에스케이
서울시,에스케이
서울시,에스케이
서울시,에스케이
서울시,에스케이
서울시,에스케이
서울시,에스케이
서울시,에스케이
서울시,에스케이
서울시,에스케이
서울시,에스케이
서울시,에스케이
서울시,에스케이
서울시,에스케이
서울시,에스케이
서울시,에스케이
서울시,에스케이
서울시,에스케이
서울시,에스케이
서울시,에스케이
서울시,에스케이
서울시,에스케이
서울시,에스케이
서울시,에스케이
서울시,에스케이
서울시,에스케이
서울시,에스케이
서울시,엔씨
서울시,엔씨
서울시,엔씨
서울시,엔씨
서울시,엔씨
서울시,엔씨
